Line,Individual Number,Chamber,Position Column,Position Row,Position Block,Treatment,Plant ID,Population,Mother,Replicate,Growth Measure Date,Growth Measure Number,Growth Measure Plant Height     cm,Growth Measure Leaf Number,Growth Measure Longest Leaf Length   cm,Leaf Measure Date,Leaf Measure Number,Leaf Sample Number,Leaf Measure Porometer mmol/m²s,Leaf Measure Spad,Leaf Measure Spad :1,Leaf Measure Spad :2,Leaf Measure Spad Mean,Leaf Measure Area     cm²,Leaf Measure Area :1  cm²,Leaf Measure Area :2  cm²,Leaf Measure Area Mean  cm²,Leaf Measure Perimeter cm,Leaf Measure Perimeter :1 cm,Leaf Measure Perimeter :2 cm,Leaf Measure Perimeter Mean       cm,Leaf Measure Length    cm,Leaf Measure Length :1  cm,Leaf Measure Length :2  cm,Leaf Measure Length Mean      cm,Leaf MeasureWidth   cm,Leaf Measure Width :1   cm,Leaf Measure Width :2   cm,Leaf Measure Width  Mean     cm,Leaf Measure Dry Weight    g,Leaf Measure Dry Weight :1   g,Leaf Measure Dry Weight :2   g,Leaf Measure Dry Weight Mean        g,Leaf Measure SLA (leaf area cm² / dry leaf weight g),Notes
2,286,35,1,A,1,Water,D.7.4,D,7,4,Apr-16,2:1,13.9,20,8,May-16,1:0,1,324.2,58.1,.,.,58.1,10.9559,.,.,10.9559,17.4347,.,.,17.4347,6.6516,.,.,6.6516,2.6165,.,.,2.6165,0.1071,.,.,0.1071,,9:30am (begin spad) 25.05.16
3,149,35,1,C,1,Water,11.1.15,11,1,15,Apr-16,2:1,27,50,8.8,May-16,1:0,1,262.9,67.9,.,.,67.9,7.5713,.,.,7.5713,17.1003,.,.,17.1003,7.6295,.,.,7.6295,1.5731,.,.,1.5731,0.1127,.,.,0.1127,,abby (fixed)
4,204,35,2,B,1,Water,T3.9.13,T3,9,13,Apr-16,2:1,32,30,11,May-16,1:0,1,320.5,58.7,.,.,58.7,21.6635,.,.,21.6635,23.7465,.,.,23.7465,9.7576,.,.,9.7576,3.7656,.,.,3.7656,0.1784,.,.,0.1784,,abby (fixed)
5,292,35,2,D,1,Water,G.9.15,G,9,15,Apr-16,2:1,11.5,10,3.9,May-16,1:0,.,.,.,.,.,.,.,.,.,.,.,.,.,.,.,.,.,.,.,.,.,.,.,.,.,.,,dead 23.05.16
6,151,35,3,A,1,Water,11.6.3,11,6,3,Apr-16,2:1,26,55,8.8,May-16,1:0,1,259.6,57,.,.,57,7.2844,.,.,7.2844,16.8871,.,.,16.8871,7.5346,.,.,7.5346,1.5599,.,.,1.5599,0.0931,.,.,0.0931,,
7,93,35,3,C,1,Water,B.3.3,B,3,3,Apr-16,2:1,42.9,45,9.5,May-16,1:0,1,293.8,51.2,.,.,51.2,14.9752,.,.,14.9752,21.8077,.,.,21.8077,9.0447,.,.,9.0447,2.8785,.,.,2.8785,0.164,.,.,0.164,,
8,47,35,4,B,1,Water,G.3.15,G,3,15,Apr-16,2:1,27.8,35,9,May-16,1:0,1,241.9,64.6,.,.,64.6,26.3157,.,.,26.3157,26.2306,.,.,26.2306,10.4461,.,.,10.4461,3.9187,.,.,3.9187,0.2763,.,.,0.2763,,
9,110,35,4,D,1,Water,T3.7.1,T3,7,1,Apr-16,2:1,34.1,85,9,May-16,1:0,1,253.4,51.1,.,.,51.1,9.6516,.,.,9.6516,17.4464,.,.,17.4464,7.3876,.,.,7.3876,2.1889,.,.,2.1889,0.0886,.,.,0.0886,,
10,92,35,5,A,1,Water,B.8.16,B,8,16,Apr-16,2:1,21.2,45,6.7,May-16,1:0,1,263,58.3,.,.,58.3,11.7237,.,.,11.7237,16.5126,.,.,16.5126,5.93,.,.,5.93,3.0672,.,.,3.0672,0.1409,.,.,0.1409,,
11,61,35,5,C,1,Water,G.10.2,G,10,2,Apr-16,2:1,31.6,20,8.1,May-16,1:0,1,299.2,63.1,.,.,63.1,10.8839,.,.,10.8839,19.3775,.,.,19.3775,8.3448,.,.,8.3448,2.2086,.,.,2.2086,0.126,.,.,0.126,,
12,39,35,6,B,1,Water,D.5.18,D,5,18,Apr-16,2:1,29.2,40,8,May-16,1:0,1,304.3,54,.,.,54,6.601,.,.,6.601,15.1195,.,.,15.1195,6.7749,.,.,6.7749,1.5321,.,.,1.5321,0.0665,.,.,0.0665,,
13,139,35,6,D,1,Water,11.7.11,11,7,11,Apr-16,2:1,45,60,11,May-16,1:0,1,355.2,61.3,.,.,61.3,19.6614,.,.,19.6614,25.4397,.,.,25.4397,10.9322,.,.,10.9322,2.9296,.,.,2.9296,0.1997,.,.,0.1997,,
14,218,35,7,A,1,Water,G.7.16,G,7,16,Apr-16,2:1,35.8,45,9,May-16,1:0,1,370.2,52.3,.,.,52.3,23.1342,.,.,23.1342,22.5004,.,.,22.5004,8.9106,.,.,8.9106,4.1001,.,.,4.1001,0.2874,.,.,0.2874,,
15,77,35,7,C,1,Water,T3.8.16,T3,8,16,Apr-16,2:1,35.6,50,10.5,May-16,1:0,1,254.7,52.4,.,.,52.4,27.0806,.,.,27.0806,25.17,.,.,25.17,10.0052,.,.,10.0052,4.2789,.,.,4.2789,0.244,.,.,0.244,,
16,90,35,8,B,1,Water,11.9.3,11,9,3,Apr-16,2:1,33.6,30,8.9,May-16,1:0,1,377.3,60,.,.,60,20.2669,.,.,20.2669,21.3625,.,.,21.3625,8.5244,.,.,8.5244,3.4806,.,.,3.4806,0.151,.,.,0.151,,
17,102,35,8,D,1,Water,B.7.3,B,7,3,Apr-16,2:1,37.3,54,8.2,May-16,1:0,1,311.9,50.7,.,.,50.7,17.1274,.,.,17.1274,19.3911,.,.,19.3911,7.4743,.,.,7.4743,3.7762,.,.,3.7762,0.1785,.,.,0.1785,,
18,153,35,9,A,1,Water,T3.3.14,T3,3,14,Apr-16,2:1,25.5,26,13.9,May-16,1:0,1,292.7,57.7,.,.,57.7,15.4177,.,.,15.4177,31.5829,.,.,31.5829,13.9047,.,.,13.9047,1.7326,.,.,1.7326,0.1774,.,.,0.1774,,
19,263,35,9,C,1,Water,D.10.17,D,10,17,Apr-16,2:1,31.2,28,8.9,May-16,1:0,1,327.7,56.2,.,.,56.2,17.048,.,.,17.048,22.4778,.,.,22.4778,9.6392,.,.,9.6392,2.9802,.,.,2.9802,0.1717,.,.,0.1717,,
20,160,35,10,B,1,Water,B.5.8,B,5,8,Apr-16,2:1,14.3,34,4.3,May-16,1:0,1,157,56.2,.,.,56.2,5.0129,.,.,5.0129,11.5746,.,.,11.5746,5.074,.,.,5.074,1.4648,.,.,1.4648,0.0604,.,.,0.0604,,"small, not much growth 23.05.16"
21,81,35,10,D,1,Water,D.6.9,D,6,9,Apr-16,2:1,21.6,30,9.5,May-16,1:0,1,364.8,56.6,.,.,56.6,15.3185,.,.,15.3185,23.9958,.,.,23.9958,10.6495,.,.,10.6495,2.3311,.,.,2.3311,0.1144,.,.,0.1144,,
22,74,35,1,E,1,Drought,D.7.8,D,7,8,Apr-16,2:1,15.7,16,4.9,May-16,1:0,1,300.4,51.6,.,.,51.6,7.601,.,.,7.601,12.6114,.,.,12.6114,5.005,.,.,5.005,2.1629,.,.,2.1629,0.0641,.,.,0.0641,,
23,59,35,1,G,1,Drought,11.1.3,11,1,3,Apr-16,2:1,42.2,44,8.5,May-16,1:0,1,214.6,60.1,.,.,60.1,7.5298,.,.,7.5298,17.4968,.,.,17.4968,7.9054,.,.,7.9054,1.4621,.,.,1.4621,0.0926,.,.,0.0926,,
24,244,35,2,F,1,Drought,T3.9.12,T3,9,12,Apr-16,2:1,33.4,36,11.1,May-16,1:0,1,226.5,52.3,.,.,52.3,16.7364,.,.,16.7364,21.2485,.,.,21.2485,8.56,.,.,8.56,3.6462,.,.,3.6462,0.1853,.,.,0.1853,,
25,58,35,2,H,1,Drought,G.9.16,G,9,16,Apr-16,2:1,32,24,9,May-16,1:0,1,188.6,58.7,.,.,58.7,21.1438,.,.,21.1438,21.7026,.,.,21.7026,8.5563,.,.,8.5563,4.0006,.,.,4.0006,0.2415,.,.,0.2415,,
26,199,35,3,E,1,Drought,11.6.11,11,6,11,Apr-16,2:1,37.8,46,11,May-16,1:0,1,166,58.2,.,.,58.2,22.478,.,.,22.478,26.6417,.,.,26.6417,11.1226,.,.,11.1226,3.6496,.,.,3.6496,0.238,.,.,0.238,,
27,293,35,3,G,1,Drought,B.3.15,B,3,16,Apr-16,2:1,27.3,24,8.8,May-16,1:0,1,197,56.8,.,.,56.8,12.2001,.,.,12.2001,19.0195,.,.,19.0195,7.9123,.,.,7.9123,2.4899,.,.,2.4899,0.1292,.,.,0.1292,,
28,100,35,4,F,1,Drought,G.3.13,G,3,13,Apr-16,2:1,30.5,54,9.8,May-16,1:0,1,192.7,60.8,.,.,60.8,15.8956,.,.,15.8956,22.9451,.,.,22.9451,9.8249,.,.,9.8249,2.7442,.,.,2.7442,0.1752,.,.,0.1752,,
29,12,35,4,H,1,Drought,T3.7.6,T3,7,6,Apr-16,2:1,37,52,9.9,May-16,1:0,1,149.3,53.1,.,.,53.1,11.5654,.,.,11.5654,19.5298,.,.,19.5298,8.3142,.,.,8.3142,2.4874,.,.,2.4874,0.115,.,.,0.115,,
30,40,35,5,E,1,Drought,B.8.12,B,8,12,Apr-16,2:1,47,26,9.5,May-16,1:0,1,304.3,53.2,.,.,53.2,21.9318,.,.,21.9318,22.5936,.,.,22.5936,8.5857,.,.,8.5857,4.3528,.,.,4.3528,0.2072,.,.,0.2072,,
31,229,35,5,G,1,Drought,G.10.11,G,10,11,Apr-16,2:1,30,28,8.5,May-16,1:0,1,229.4,57.1,.,.,57.1,21.9622,.,.,21.9622,23.0497,.,.,23.0497,9.1886,.,.,9.1886,4.075,.,.,4.075,0.202,.,.,0.202,,
32,20,35,6,F,1,Drought,D.5.5,D,5,5,Apr-16,2:1,22,30,8.9,May-16,1:0,1,235.4,56.7,.,.,56.7,9.6452,.,.,9.6452,20.7367,.,.,20.7367,9.4211,.,.,9.4211,1.6986,.,.,1.6986,0.0791,.,.,0.0791,,
33,62,35,6,H,1,Drought,11.7.13,11,7,13,Apr-16,2:1,42.2,68,12.4,May-16,1:0,1,147.4,60.8,.,.,60.8,11.2928,.,.,11.2928,21.6081,.,.,21.6081,9.1647,.,.,9.1647,2.2044,.,.,2.2044,0.1301,.,.,0.1301,,
34,73,35,7,E,1,Drought,G.7.4,G,7,4,Apr-16,2:1,38,44,10.1,May-16,1:0,1,213.4,58.1,.,.,58.1,20.1838,.,.,20.1838,21.3133,.,.,21.3133,8.123,.,.,8.123,3.8702,.,.,3.8702,0.1994,.,.,0.1994,,
35,77,35,7,G,1,Drought,T3.8.1,T3,8,1,Apr-16,2:1,41.8,36,10,May-16,1:0,1,204.7,53.9,.,.,53.9,22.9994,.,.,22.9994,25.0082,.,.,25.0082,10.2716,.,.,10.2716,3.8037,.,.,3.8037,0.2031,.,.,0.2031,,
36,156,35,8,F,1,Drought,11.9.9,11,9,9,Apr-16,2:1,36.7,28,7.6,May-16,1:0,1,300,64.2,.,.,64.2,15.0798,.,.,15.0798,18.3758,.,.,18.3758,7.2321,.,.,7.2321,3.3399,.,.,3.3399,0.1139,.,.,0.1139,,
37,44,35,8,H,1,Drought,B.7.7,B,7,7,Apr-16,2:1,35.1,38,7.1,May-16,1:0,1,212.7,45.3,.,.,45.3,18.4496,.,.,18.4496,18.6892,.,.,18.6892,6.7794,.,.,6.7794,4.2833,.,.,4.2833,0.189,.,.,0.189,,
38,266,35,9,E,1,Drought,T3.3.3,T3,3,3,Apr-16,2:1,26.2,46,11.5,May-16,1:0,1,257.7,56.2,.,.,56.2,15.8442,.,.,15.8442,26.1255,.,.,26.1255,11.3444,.,.,11.3444,2.1003,.,.,2.1003,0.1269,.,.,0.1269,,
39,3,35,9,G,1,Drought,D.10.4,D,10,4,Apr-16,2:1,30.7,16,8.7,May-16,1:0,1,244,54.2,.,.,54.2,17.495,.,.,17.495,21.1423,.,.,21.1423,8.8412,.,.,8.8412,3.2048,.,.,3.2048,0.1571,.,.,0.1571,,
40,287,35,10,F,1,Drought,B.5.4,B,5,4,Apr-16,2:1,46.1,44,7.5,May-16,1:0,1,102.4,51,.,.,51,17.523,.,.,17.523,20.647,.,.,20.647,8.263,.,.,8.263,3.7606,.,.,3.7606,0.1573,.,.,0.1573,,
41,280,35,10,H,1,Drought,D.6.12,D,6,12,Apr-16,2:1,30.7,44,11.5,May-16,1:0,1,126.3,60.3,.,.,60.3,11.9055,.,.,11.9055,22.4367,.,.,22.4367,9.75,.,.,9.75,2.1104,.,.,2.1104,0.0998,.,.,0.0998,,
42,389,36,11,A,2,Water,D.7.3,D,7,3,Apr-16,2:1,12,30,7.3,May-16,1:0,1,390.7,51.9,.,.,51.9,13.0955,.,.,13.0955,19.2673,.,.,19.2673,8.3077,.,.,8.3077,2.2859,.,.,2.2859,0.1164,.,.,0.1164,,
43,330,36,11,C,2,Water,11.1.2,11,1,2,Apr-16,2:1,38.2,55,10.1,May-16,1:0,1,426.8,58,.,.,58,12.138,.,.,12.138,20.4306,.,.,20.4306,8.8638,.,.,8.8638,2.2775,.,.,2.2775,0.1211,.,.,0.1211,,
44,340,36,12,B,2,Water,T3.9.3,T3,9,3,Apr-16,2:1,8.2,8,3.4,May-16,1:0,1,370.8,48.4,.,.,48.4,10.3103,.,.,10.3103,19.5685,.,.,19.5685,8.4275,.,.,8.4275,2.2203,.,.,2.2203,0.0605,.,.,0.0605,,
45,450,36,12,D,2,Water,G.9.2,G,9,2,Apr-16,2:1,36.8,24,11.3,May-16,1:0,1,387.5,47.3,.,.,47.3,27.2483,.,.,27.2483,24.9947,.,.,24.9947,9.5233,.,.,9.5233,4.722,.,.,4.722,0.286,.,.,0.286,,
46,598,36,13,A,2,Water,11.6.6,11,6,6,Apr-16,2:1,32.2,28,8.5,May-16,1:0,1,419.2,65.5,.,.,65.5,13.8324,.,.,13.8324,20.7314,.,.,20.7314,9.0497,.,.,9.0497,2.4927,.,.,2.4927,0.1687,.,.,0.1687,,
47,395,36,13,C,2,Water,B.3.10,B,3,10,Apr-16,2:1,40.5,32,9,May-16,1:0,1,386.7,54.7,.,.,54.7,16.5897,.,.,16.5897,19.9279,.,.,19.9279,8.1859,.,.,8.1859,3.5628,.,.,3.5628,0.136,.,.,0.136,,
48,507,36,14,B,2,Water,G.3.14,G,3,14,Apr-16,2:1,39.5,24,11,May-16,1:0,1,431.1,55.5,.,.,55.5,21.2719,.,.,21.2719,24.075,.,.,24.075,8.1522,.,.,8.1522,4.4916,.,.,4.4916,0.2511,.,.,0.2511,,
49,463,36,14,D,2,Water,T3.7.8,T3,7,8,Apr-16,2:1,44.2,66,11.1,May-16,1:0,1,373.7,49.9,.,.,49.9,13.0871,.,.,13.0871,22.701,.,.,22.701,10.082,.,.,10.082,2.3592,.,.,2.3592,0.0898,.,.,0.0898,,
50,422,36,15,A,2,Water,B.8.10,B,8,10,Apr-16,2:1,45.4,32,8.2,May-16,1:0,1,453.9,52,.,.,52,29.1868,.,.,29.1868,23.7008,.,.,23.7008,7.8732,.,.,7.8732,5.7946,.,.,5.7946,0.2501,.,.,0.2501,,
51,414,36,15,C,2,Water,G.10.13,G,10,13,Apr-16,2:1,33.9,22,8,May-16,1:0,1,439.2,52.9,.,.,52.9,21.4517,.,.,21.4517,21.8068,.,.,21.8068,8.3178,.,.,8.3178,4.3787,.,.,4.3787,0.1565,.,.,0.1565,,
52,529,36,16,B,2,Water,D.5.12,D,5,12,Apr-16,2:1,21.8,38,7,May-16,1:0,1,321.8,53.9,.,.,53.9,7.9275,.,.,7.9275,15.6143,.,.,15.6143,6.8959,.,.,6.8959,2.0304,.,.,2.0304,0.0504,.,.,0.0504,,"not a good plant, small 24.05.16"
53,364,36,16,D,2,Water,11.7.17,11,7,17,Apr-16,2:1,38.1,20,8.4,May-16,1:0,1,249.4,58.5,.,.,58.5,15.1615,.,.,15.1615,21.4852,.,.,21.4852,8.7692,.,.,8.7692,2.739,.,.,2.739,0.1683,.,.,0.1683,,"not a good plant, small 24.05.16"
54,520,36,17,A,2,Water,G.7.9,G,7,9,Apr-16,2:1,44.8,70,8.5,May-16,1:0,1,324.8,48.9,.,.,48.9,15.4857,.,.,15.4857,19.0669,.,.,19.0669,7.2701,.,.,7.2701,3.5163,.,.,3.5163,0.1495,.,.,0.1495,,
55,516,36,17,C,2,Water,T3.8.4,T3,8,4,Apr-16,2:1,7.4,8,3.6,May-16,1:0,1,223.2,52.5,.,.,52.5,10.3773,.,.,10.3773,18.0813,.,.,18.0813,7.6483,.,.,7.6483,2.6477,.,.,2.6477,0.0463,.,.,0.0463,,"not a good plant, small, beginning of disease 24.05.106"
56,505,36,18,B,2,Water,11.9.11,11,9,14,Apr-16,2:1,22.5,32,8.1,May-16,1:0,1,.,.,.,.,.,.,.,.,.,.,.,.,.,.,.,.,.,.,.,.,.,.,.,.,.,,diseased 24.05.16
57,346,36,18,D,2,Water,B.7.6,B,7,6,Apr-16,2:1,41.5,24,6.6,May-16,1:0,1,391.2,46.1,.,.,46.1,22.3439,.,.,22.3439,20.2143,.,.,20.2143,6.3712,.,.,6.3712,5.2384,.,.,5.2384,0.1504,.,.,0.1504,,
58,568,36,19,A,2,Water,T3.3.13,T3,3,13,Apr-16,2:1,22.5,30,9.3,May-16,1:0,1,320.5,60.2,.,.,60.2,17.0238,.,.,17.0238,22.9144,.,.,22.9144,9.4738,.,.,9.4738,3.3996,.,.,3.3996,0.1335,.,.,0.1335,,
59,592,36,19,C,2,Water,D.10.2,D,10,2,Apr-16,2:1,16,14,8.1,May-16,1:0,1,246.9,69.6,.,.,69.6,18.2848,.,.,18.2848,21.5328,.,.,21.5328,8.7172,.,.,8.7172,3.1312,.,.,3.1312,0.1074,.,.,0.1074,,beginning of disease 24.05.16
60,500,36,20,B,2,Water,B.5.16,B,5,16,Apr-16,2:1,38.5,30,6,May-16,1:0,1,276.7,53.1,.,.,53.1,9.8529,.,.,9.8529,14.4232,.,.,14.4232,5.6695,.,.,5.6695,2.8759,.,.,2.8759,0.0858,.,.,0.0858,,
61,383,36,20,D,2,Water,D.6.11,D,6,11,Apr-16,2:1,17.9,30,8.8,May-16,1:0,1,342.6,64.2,.,.,64.2,15.4964,.,.,15.4964,23.7866,.,.,23.7866,10.135,.,.,10.135,2.7809,.,.,2.7809,0.0915,.,.,0.0915,,
62,338,36,11,E,2,Drought,D.7.10,D,7,10,Apr-16,2:1,11.4,18,7.8,May-16,1:0,1,320.4,52.1,.,.,52.1,15.4071,.,.,15.4071,19.6633,.,.,19.6633,8.0475,.,.,8.0475,3.0746,.,.,3.0746,0.1036,.,.,0.1036,,
63,361,36,11,G,2,Drought,11.1.1,11,1,1,Apr-16,2:1,28.8,34,9.1,May-16,1:0,1,351.5,63.1,.,.,63.1,20.4287,.,.,20.4287,22.8981,.,.,22.8981,8.7147,.,.,8.7147,4.4691,.,.,4.4691,0.1673,.,.,0.1673,,
64,390,36,12,F,2,Drought,T3.9.15,T3,9,15,Apr-16,2:1,16.6,12,9.2,May-16,1:0,1,337.9,57.2,.,.,57.2,16.5645,.,.,16.5645,22.3259,.,.,22.3259,9.258,.,.,9.258,3.0591,.,.,3.0591,0.1098,.,.,0.1098,,
65,554,36,12,H,2,Drought,G.9.11,G,9,11,Apr-16,2:1,22.2,32,6.6,May-16,1:0,1,385.6,49.9,.,.,49.9,18.4562,.,.,18.4562,21.6803,.,.,21.6803,8.5396,.,.,8.5396,3.7145,.,.,3.7145,0.1711,.,.,0.1711,,
66,501,36,13,E,2,Drought,11.6.9,11,6,9,Apr-16,2:1,35.1,50,10.5,May-16,1:0,1,296.7,59.1,.,.,59.1,11.787,.,.,11.787,20.1948,.,.,20.1948,8.3617,.,.,8.3617,2.462,.,.,2.462,0.1104,.,.,0.1104,,
67,548,36,13,G,2,Drought,B.3.11,B,3,11,Apr-16,2:1,39.6,44,10.9,May-16,1:0,1,150.2,44.8,.,.,44.8,18.5908,.,.,18.5908,23.4901,.,.,23.4901,9.8649,.,.,9.8649,3.2967,.,.,3.2967,0.1674,.,.,0.1674,,
68,335,36,14,F,2,Drought,G.3.3,G,3,3,Apr-16,2:1,55,50,12.8,May-16,1:0,1,232.4,55.1,.,.,55.1,17.2073,.,.,17.2073,25.2704,.,.,25.2704,10.5753,.,.,10.5753,2.8492,.,.,2.8492,0.1822,.,.,0.1822,,
69,412,36,14,H,2,Drought,T3.7.5,T3,7,5,Apr-16,2:1,29.7,30,9.8,May-16,1:0,1,336.2,55.4,.,.,55.4,12.2065,.,.,12.2065,23.9412,.,.,23.9412,10.402,.,.,10.402,1.8307,.,.,1.8307,0.1016,.,.,0.1016,,
70,342,36,15,E,2,Drought,B.8.6,B,8,6,Apr-16,2:1,39.2,30,9,May-16,1:0,1,233.2,54,.,.,54,24.1717,.,.,24.1717,23.688,.,.,23.688,8.0492,.,.,8.0492,4.9797,.,.,4.9797,0.2326,.,.,0.2326,,
71,460,36,15,G,2,Drought,G.10.7,G,10,7,Apr-16,2:1,33.5,34,7.6,May-16,1:0,1,197.6,56.1,.,.,56.1,19.066,.,.,19.066,20.3893,.,.,20.3893,8.1997,.,.,8.1997,3.7702,.,.,3.7702,0.1758,.,.,0.1758,,
72,358,36,16,F,2,Drought,D.5.11,D,5,11,Apr-16,2:1,18.8,20,9.6,May-16,1:0,1,.,55.5,.,.,55.5,14.4609,.,.,14.4609,22.4039,.,.,22.4039,9.9696,.,.,9.9696,2.3577,.,.,2.3577,0.0955,.,.,0.0955,,"disease spreading 24.05.16, spad cleaned at this point 25.05.16"
73,571,36,16,H,2,Drought,11.7.9,11,7,9,Apr-16,2:1,22.6,38,9.2,May-16,1:0,1,247.3,63.3,.,.,63.3,17.1737,.,.,17.1737,22.5932,.,.,22.5932,9.6656,.,.,9.6656,2.9742,.,.,2.9742,0.1752,.,.,0.1752,,
74,375,36,17,E,2,Drought,G.7.5,G,7,5,Apr-16,2:1,51.2,48,9,May-16,1:0,1,269,47.1,.,.,47.1,16.285,.,.,16.285,22.1264,.,.,22.1264,9.2084,.,.,9.2084,3.0002,.,.,3.0002,0.1498,.,.,0.1498,,
75,448,36,17,G,2,Drought,T3.8.10,T3,8,10,Apr-16,2:1,53.1,52,10.1,May-16,1:0,1,164.3,50.9,.,.,50.9,20.0638,.,.,20.0638,23.9713,.,.,23.9713,9.8081,.,.,9.8081,3.4081,.,.,3.4081,0.2224,.,.,0.2224,,
76,553,36,18,F,2,Drought,11.9.2,11,9,2,Apr-16,2:1,31.2,22,10.2,May-16,1:0,2,333.2,58.2,.,.,58.2,18.6717,.,.,18.6717,21.4528,.,.,21.4528,8.7535,.,.,8.7535,3.2877,.,.,3.2877,0.1292,.,.,0.1292,,
77,585,36,18,H,2,Drought,B.7.1,B,7,1,Apr-16,2:1,35.8,38,7.5,May-16,1:0,1,212.4,44.45,.,.,44.45,21.3037,.,.,21.3037,20.604,.,.,20.604,7.33325,.,.,7.33325,4.5677,.,.,4.5677,0.2059,0.1787,.,0.1923,,average of two leaves (area etc.) 26.05.16
78,329,36,19,E,2,Drought,T3.3.6,T3,3,6,Apr-16,2:1,28.8,66,9.1,May-16,1:0,1,249.4,53.1,.,.,53.1,9.5321,.,.,9.5321,18.0028,.,.,18.0028,7.9276,.,.,7.9276,2.0191,.,.,2.0191,0.0688,.,.,0.0688,,
79,305,36,19,G,2,Drought,D.10.8,D,10,8,Apr-16,2:1,13.6,14,7.8,May-16,1:0,1,288.4,48.2,.,.,48.2,13.3008,.,.,13.3008,21.6856,.,.,21.6856,9.3152,.,.,9.3152,2.5232,.,.,2.5232,0.0793,.,.,0.0793,,
80,308,36,20,F,2,Drought,B.5.11,B,5,11,Apr-16,2:1,50.2,38,7.5,May-16,1:0,1,239.8,53.2,.,.,53.2,18.2727,.,.,18.2727,19.9531,.,.,19.9531,7.7173,.,.,7.7173,3.8577,.,.,3.8577,0.1874,.,.,0.1874,,
81,582,36,20,H,2,Drought,D.6.4,D,6,4,Apr-16,2:1,27.2,18,8.5,May-16,1:0,1,179.9,52.4,.,.,52.4,18.781,.,.,18.781,21.6536,.,.,21.6536,8.7025,.,.,8.7025,3.8699,.,.,3.8699,0.1951,.,.,0.1951,,
82,167,35,21,A,3,Water,D.7.5,D,7,5,Apr-16,2:1,11,16,7.8,May-16,1:0,1,324.7,53.8,.,.,53.8,11.4491,.,.,11.4491,20.8816,.,.,20.8816,9.3518,.,.,9.3518,1.9047,.,.,1.9047,0.0897,.,.,0.0897,,
83,180,35,21,C,3,Water,11.1.6,11,1,6,Apr-16,2:1,28,44,8.5,May-16,1:0,1,426.6,55.3,.,.,55.3,13.0189,.,.,13.0189,18.3793,.,.,18.3793,7.6851,.,.,7.6851,2.8153,.,.,2.8153,0.1086,.,.,0.1086,,
84,57,35,22,B,3,Water,T3.9.16,T3,9,16,Apr-16,2:1,32.3,48,11.2,May-16,1:0,1,367.4,53.3,.,.,53.3,18.2809,.,.,18.2809,24.3204,.,.,24.3204,10.385,.,.,10.385,2.9427,.,.,2.9427,0.1661,.,.,0.1661,,
85,252,35,22,D,3,Water,G.9.5,G,9,5,Apr-16,2:1,33.2,32,10.2,May-16,1:0,1,361.4,48.5,.,.,48.5,26.4929,.,.,26.4929,24.6133,.,.,24.6133,9.7972,.,.,9.7972,4.2615,.,.,4.2615,0.216,.,.,0.216,,
86,11,35,23,A,3,Water,11.6.10,11,6,10,Apr-16,2:1,38.5,12,10,May-16,1:0,1,142.4,58,.,.,58,21.3929,.,.,21.3929,24.8332,.,.,24.8332,9.8651,.,.,9.8651,3.8977,.,.,3.8977,0.3168,.,.,0.3168,,unhealthy 24.05.16
87,21,35,23,C,3,Water,B.3.6,B,3,6,Apr-16,2:1,34.5,24,9.2,May-16,1:0,1,392.8,55.8,.,.,55.8,14.7949,.,.,14.7949,18.9049,.,.,18.9049,7.576,.,.,7.576,3.3387,.,.,3.3387,0.0949,.,.,0.0949,,
88,205,35,24,B,3,Water,G.3.9,G,3,9,Apr-16,2:1,32,53,7.2,May-16,1:0,1,319.7,56,.,.,56,22.1752,.,.,22.1752,21.759,.,.,21.759,7.7967,.,.,7.7967,4.5713,.,.,4.5713,0.1414,.,.,0.1414,,
89,291,35,24,D,3,Water,T3.7.11,T3,7,11,Apr-16,2:1,42.7,76,11.4,May-16,1:0,1,358.8,49.9,.,.,49.9,13.7664,.,.,13.7664,25.0232,.,.,25.0232,10.7309,.,.,10.7309,2.1906,.,.,2.1906,0.1043,.,.,0.1043,,12:23pm at this point (spad) 25.05.16
90,4,35,25,A,3,Water,B.8.5,B,8,5,Apr-16,2:1,27.8,50,9.5,May-16,1:0,1,383.7,56.5,.,.,56.5,27.7126,.,.,27.7126,30.2171,.,.,30.2171,10.9237,.,.,10.9237,6.1297,.,.,6.1297,0.2317,.,.,0.2317,,"leaf separated for complete (area), perimeter affected 26.05.16"
91,8,35,25,C,3,Water,G.10.3,G,10,3,Apr-16,2:1,50,58,10.8,May-16,1:0,1,366.5,55.5,.,.,55.5,11.9607,.,.,11.9607,24.4525,.,.,24.4525,10.6312,.,.,10.6312,1.7525,.,.,1.7525,0.1044,.,.,0.1044,,
92,227,35,26,B,3,Water,D.5.9,D,5,9,Apr-16,2:1,34.2,42,11.5,May-16,1:0,1,339.6,50.6,.,.,50.6,13.053,.,.,13.053,30.8072,.,.,30.8072,13.7864,.,.,13.7864,1.545,.,.,1.545,0.1026,.,.,0.1026,,
93,228,35,26,D,3,Water,11.7.2,11,7,2,Apr-16,2:1,55.4,30,11.6,May-16,1:0,1,380.8,59,.,.,59,15.8459,.,.,15.8459,25.5639,.,.,25.5639,11.2758,.,.,11.2758,2.4724,.,.,2.4724,0.1266,.,.,0.1266,,
94,281,35,27,A,3,Water,G.7.2,G,7,2,Apr-16,2:1,32.6,52,9.5,May-16,1:0,1,382.4,61,.,.,61,25.0498,.,.,25.0498,25.2462,.,.,25.2462,10.5683,.,.,10.5683,3.9485,.,.,3.9485,0.2112,.,.,0.2112,,
95,16,35,27,C,3,Water,T3.8.5,T3,8,5,Apr-16,2:1,19.5,17,8,May-16,1:0,1,248.9,63.9,.,.,63.9,16.7955,.,.,16.7955,19.5165,.,.,19.5165,7.4008,.,.,7.4008,3.6993,.,.,3.6993,0.1485,.,.,0.1485,,small plant 24.05.16
96,268,35,28,B,3,Water,11.9.16,11,9,16,Apr-16,2:1,17.2,16,7.9,May-16,1:0,1,181.6,70.8,.,.,70.8,10.9933,.,.,10.9933,16.4439,.,.,16.4439,6.9373,.,.,6.9373,2.5537,.,.,2.5537,0.091,.,.,0.091,,"small plant, unhealthy 24.05.16"
97,123,35,28,D,3,Water,B.7.13,B,7,13,Apr-16,2:1,42.6,42,7.6,May-16,1:0,1,338.8,40.5,.,.,40.5,14.0973,.,.,14.0973,17.7357,.,.,17.7357,6.9579,.,.,6.9579,3.2712,.,.,3.2712,0.1237,.,.,0.1237,,
98,60,35,29,A,3,Water,T3.3.12,T3,3,12,Apr-16,2:1,27.4,25,9.7,May-16,1:0,1,336.5,61.7,.,.,61.7,18.0951,.,.,18.0951,22.0851,.,.,22.0851,9.0858,.,.,9.0858,3.351,.,.,3.351,0.143,.,.,0.143,,
99,42,35,29,C,3,Water,D.10.16,D,10,16,Apr-16,2:1,23.5,34,9.5,May-16,1:0,1,352.7,55.2,.,.,55.2,23.3378,.,.,23.3378,25.7899,.,.,25.7899,10.7112,.,.,10.7112,3.8158,.,.,3.8158,0.1414,.,.,0.1414,,
100,72,35,30,B,3,Water,B.5.12,B,5,12,Apr-16,2:1,41.5,60,8.4,May-16,1:0,1,400.7,52.3,.,.,52.3,15.4501,.,.,15.4501,17.23,.,.,17.23,6.627,.,.,6.627,3.6434,.,.,3.6434,0.1419,.,.,0.1419,,
101,220,35,30,D,3,Water,D.6.2,D,6,2,Apr-16,2:1,11.6,40,12,May-16,1:0,1,387.9,50.8,.,.,50.8,19.4467,.,.,19.4467,23.9912,.,.,23.9912,9.9169,.,.,9.9169,3.3476,.,.,3.3476,0.1507,.,.,0.1507,,
102,87,35,21,E,3,Drought,D.7.15,D,7,15,Apr-16,2:1,12,20,8.5,May-16,1:0,1,270.5,50.6,.,.,50.6,11.0689,.,.,11.0689,22.6202,.,.,22.6202,9.7681,.,.,9.7681,1.7875,.,.,1.7875,0.0663,.,.,0.0663,,small plant 24.05.16
103,107,35,21,G,3,Drought,11.1.7,11,1,7,Apr-16,2:1,35.5,32,11.2,May-16,1:0,1,291.8,61.6,.,.,61.6,13.3748,.,.,13.3748,24.6581,.,.,24.6581,11.2666,.,.,11.2666,2.8188,.,.,2.8188,0.1134,.,.,0.1134,,
104,38,35,22,F,3,Drought,T3.9.14,T3,9,14,Apr-16,2:1,42.3,26,9,May-16,1:0,1,211.2,50.7,.,.,50.7,21.1131,.,.,21.1131,22.9125,.,.,22.9125,9.2418,.,.,9.2418,3.7786,.,.,3.7786,0.1843,.,.,0.1843,,
105,219,35,22,H,3,Drought,G.9.14,G,9,14,Apr-16,2:1,45.5,34,10,May-16,1:0,1,220.7,49.2,.,.,49.2,20.3733,.,.,20.3733,21.9485,.,.,21.9485,9.0958,.,.,9.0958,3.6306,.,.,3.6306,0.2416,.,.,0.2416,,
106,233,35,23,E,3,Drought,11.6.16,11,6,16,Apr-16,2:1,32.2,15,11.5,May-16,1:0,1,370.1,56.5,.,.,56.5,29.5895,.,.,29.5895,30.5748,.,.,30.5748,12.8476,.,.,12.8476,4.4764,.,.,4.4764,0.2387,.,.,0.2387,,
107,50,35,23,G,3,Drought,B.3.13,B,3,13,Apr-16,2:1,39.5,23,9,May-16,1:0,1,254.2,54.9,.,.,54.9,15.0638,.,.,15.0638,20.1838,.,.,20.1838,8.6289,.,.,8.6289,2.7354,.,.,2.7354,0.1376,.,.,0.1376,,
108,140,35,24,F,3,Drought,G.3.10,G,3,10,Apr-16,2:1,27.5,30,7.8,May-16,1:0,1,250.8,55.8,.,.,55.8,19.111,.,.,19.111,21.157,.,.,21.157,8.5113,.,.,8.5113,3.9699,.,.,3.9699,0.1646,.,.,0.1646,,
109,213,35,24,H,3,Drought,T3.7.9,T3,7,9,Apr-16,2:1,36.4,92,9.2,May-16,1:0,1,92.4,51.7,.,.,51.7,10.6279,.,.,10.6279,20.2257,.,.,20.2257,8.248,.,.,8.248,2.439,.,.,2.439,0.1092,.,.,0.1092,,"low measurement, tested twice as plant appears fine (porometer) 24.05.16"
110,159,35,25,E,3,Drought,B.8.9,B,8,9,Apr-16,2:1,44.3,34,12.2,May-16,1:0,1,207,46.4,.,.,46.4,22.2866,.,.,22.2866,24.3267,.,.,24.3267,10.0093,.,.,10.0093,4.0481,.,.,4.0481,0.1998,.,.,0.1998,,
111,202,35,25,G,3,Drought,G.10.16,G,10,16,Apr-16,2:1,32.9,34,10,May-16,1:0,1,217.1,58.3,.,.,58.3,23.7235,.,.,23.7235,26.0095,.,.,26.0095,10.5579,.,.,10.5579,4.2201,.,.,4.2201,0.2141,.,.,0.2141,,
112,264,35,26,F,3,Drought,D.5.1,D,5,1,Apr-16,2:1,20.4,26,8.4,May-16,1:0,1,208.6,59.4,.,.,59.4,10.7142,.,.,10.7142,22.7728,.,.,22.7728,10.3284,.,.,10.3284,1.7993,.,.,1.7993,0.079,.,.,0.079,,
113,89,35,26,H,3,Drought,11.7.12,11,7,12,Apr-16,2:1,37.5,50,12.4,May-16,1:0,1,168.1,58.7,.,.,58.7,15.0544,.,.,15.0544,22.4931,.,.,22.4931,9.7871,.,.,9.7871,2.82,.,.,2.82,0.1563,.,.,0.1563,,
114,31,35,27,E,3,Drought,G.7.3,G,7,3,Apr-16,2:1,41,35,9.5,May-16,1:0,1,158.4,55.7,.,.,55.7,14.8184,.,.,14.8184,19.5359,.,.,19.5359,8.0529,.,.,8.0529,3.0194,.,.,3.0194,0.1124,.,.,0.1124,,
115,55,35,27,G,3,Drought,T3.8.9,T3,8,9,Apr-16,2:1,36.6,30,9.9,May-16,1:0,1,137.4,51.1,.,.,51.1,13.6165,.,.,13.6165,18.7454,.,.,18.7454,7.671,.,.,7.671,2.9893,.,.,2.9893,0.1012,.,.,0.1012,,
116,251,35,28,F,3,Drought,11.9.8,11,9,8,Apr-16,2:1,44.9,28,9.4,May-16,1:0,1,232.2,59.5,.,.,59.5,15.3198,.,.,15.3198,20.0214,.,.,20.0214,8.3363,.,.,8.3363,2.9602,.,.,2.9602,0.1287,.,.,0.1287,,
117,283,35,28,H,3,Drought,B.7.8,B,7,8,Apr-16,2:1,36,34,5.5,May-16,1:0,1,136.4,56.5,.,.,56.5,14.2794,.,.,14.2794,20.7534,.,.,20.7534,8.8406,.,.,8.8406,2.7155,.,.,2.7155,0.1001,.,.,0.1001,,
118,83,35,29,E,3,Drought,T3.3.4,T3,3,4,Apr-16,2:1,30,50,9.4,May-16,1:0,1,130.8,58.8,.,.,58.8,14.6831,.,.,14.6831,20.7185,.,.,20.7185,8.8383,.,.,8.8383,2.8846,.,.,2.8846,0.1013,.,.,0.1013,,"lower leaf taken, due to distorted uneven leaf growth above (SLA) 25.05.16"
119,91,35,29,G,3,Drought,D.10.18,D,10,18,Apr-16,2:1,20.8,22,8.6,May-16,1:0,1,286,61.2,.,.,61.2,16.8662,.,.,16.8662,23.2913,.,.,23.2913,10.1568,.,.,10.1568,3.0329,.,.,3.0329,0.1278,.,.,0.1278,,
120,198,35,30,F,3,Drought,B.5.14,B,5,14,Apr-16,2:1,44.9,38,7.6,May-16,1:0,1,102.6,51.5,.,.,51.5,18.9304,.,.,18.9304,19.5709,.,.,19.5709,7.428,.,.,7.428,3.9696,.,.,3.9696,0.2089,.,.,0.2089,,
121,26,35,30,H,3,Drought,D.6.16,D,6,16,Apr-16,2:1,36,41,11.7,May-16,1:0,1,147.9,57.8,.,.,57.8,13.5198,.,.,13.5198,28.8721,.,.,28.8721,13.0757,.,.,13.0757,1.6905,.,.,1.6905,0.1465,.,.,0.1465,,
122,588,36,31,A,4,Water,D.7.2,D,7,2,Apr-16,2:1,16.4,28,8.5,May-16,1:0,1,380.3,52.8,.,.,52.8,15.7935,.,.,15.7935,20.5057,.,.,20.5057,8.3324,.,.,8.3324,3.1806,.,.,3.1806,0.1297,.,.,0.1297,,
123,495,36,31,C,4,Water,11.1.10,11,1,10,Apr-16,2:1,31,42,9.6,May-16,1:0,1,333,58.3,.,.,58.3,14.2131,.,.,14.2131,22.8925,.,.,22.8925,9.9842,.,.,9.9842,2.573,.,.,2.573,0.0934,.,.,0.0934,,lower leaf taken (SLA) 25.05.16
124,587,36,32,B,4,Water,T3.9.17,T3,9,17,Apr-16,2:1,35.3,32,7.2,May-16,1:0,1,388.2,52.3,.,.,52.3,24.9939,.,.,24.9939,27.1864,.,.,27.1864,11.1048,.,.,11.1048,4.1023,.,.,4.1023,0.2455,.,.,0.2455,,rachael (fixed)
125,594,36,32,D,4,Water,G.9.8,G,9,8,Apr-16,2:1,23.4,32,8.6,May-16,1:0,1,306,53.2,.,.,53.2,18.2702,.,.,18.2702,20.8749,.,.,20.8749,7.8604,.,.,7.8604,4.0637,.,.,4.0637,0.1523,.,.,0.1523,,rachael (fixed)
126,354,36,33,A,4,Water,11.6.8,11,6,8,Apr-16,2:1,38.9,22,10.1,May-16,1:0,1,364.3,58,.,.,58,15.8405,.,.,15.8405,22.1,.,.,22.1,9.045,.,.,9.045,3.3534,.,.,3.3534,0.1591,.,.,0.1591,,
127,352,36,33,C,4,Water,B.3.5,B,3,5,Apr-16,2:1,53.2,30,9.5,May-16,1:0,1,382.2,50.9,.,.,50.9,24.3871,.,.,24.3871,22.7502,.,.,22.7502,8.3841,.,.,8.3841,4.5033,.,.,4.5033,0.2223,.,.,0.2223,,
128,332,36,34,B,4,Water,G.3.18,G,3,18,Apr-16,2:1,53,66,11.7,May-16,1:0,1,320.7,52.6,.,.,52.6,18.8493,.,.,18.8493,26.0374,.,.,26.0374,10.5632,.,.,10.5632,2.8137,.,.,2.8137,0.178,.,.,0.178,,
129,593,36,34,D,4,Water,T3.7.15,T3,7,15,Apr-16,2:1,50.5,40,11.4,May-16,1:0,1,394.6,53.6,.,.,53.6,19.3052,.,.,19.3052,27.6644,.,.,27.6644,11.1301,.,.,11.1301,2.7336,.,.,2.7336,0.1355,.,.,0.1355,,
130,492,36,35,A,4,Water,B.8.2,B,8,2,Apr-16,2:1,44.2,48,10.2,May-16,1:0,1,290.2,48.6,.,.,48.6,21.968,.,.,21.968,24.1335,.,.,24.1335,9.7738,.,.,9.7738,3.9404,.,.,3.9404,0.1791,.,.,0.1791,,
131,419,36,35,C,4,Water,G.10.4,G,10,4,Apr-16,2:1,33,34,10.2,May-16,1:0,1,322.4,56,.,.,56,21.3362,.,.,21.3362,24.6163,.,.,24.6163,9.6533,.,.,9.6533,3.6233,.,.,3.6233,0.1567,.,.,0.1567,,
132,566,36,36,B,4,Water,D.5.8,D,5,8,Apr-16,2:1,30.4,42,8.9,May-16,1:0,1,333,52.9,.,.,52.9,6.3801,.,.,6.3801,16.1808,.,.,16.1808,7.1036,.,.,7.1036,1.6292,.,.,1.6292,0.045,.,.,0.045,,
133,321,36,36,D,4,Water,11.7.5,11,7,5,Apr-16,2:1,48.7,65,12.1,May-16,1:0,1,353.9,54.8,.,.,54.8,16.6533,.,.,16.6533,27.8696,.,.,27.8696,12.0219,.,.,12.0219,2.3776,.,.,2.3776,0.1352,.,.,0.1352,,
134,583,36,37,A,4,Water,G.7.6,G,7,6,Apr-16,2:1,39.8,34,10.4,May-16,1:0,1,369.1,65.3,.,.,65.3,31.0031,.,.,31.0031,28.1581,.,.,28.1581,11.5127,.,.,11.5127,4.4682,.,.,4.4682,0.2932,.,.,0.2932,,
135,447,36,37,C,4,Water,T3.8.8,T3,8,8,Apr-16,2:1,27.5,19,6.2,May-16,1:0,1,82.2,56.1,.,.,56.1,11.1273,.,.,11.1273,17.5892,.,.,17.5892,7.4329,.,.,7.4329,3.9255,.,.,3.9255,0.1107,.,.,0.1107,,"small plant, unhealthy 24.05.16"
136,392,36,38,B,4,Water,11.9.7,11,9,7,Apr-16,2:1,40.9,32,8.4,May-16,1:0,1,297,54.8,.,.,54.8,17.898,.,.,17.898,21.6099,.,.,21.6099,9.1206,.,.,9.1206,3.935,.,.,3.935,0.1333,.,.,0.1333,,
137,466,36,38,D,4,Water,B.7.4,B,7,4,Apr-16,2:1,38,47,5.8,May-16,1:0,1,334.1,44.1,.,.,44.1,17.7033,.,.,17.7033,17.8332,.,.,17.8332,5.5502,.,.,5.5502,4.4164,.,.,4.4164,0.1204,.,.,0.1204,,
138,523,36,39,A,4,Water,T3.3.5,T3,3,5,Apr-16,2:1,30,32,11.9,May-16,1:0,1,277.6,56.7,.,.,56.7,18.7093,.,.,18.7093,28.5989,.,.,28.5989,12.7382,.,.,12.7382,3.0234,.,.,3.0234,0.1113,.,.,0.1113,,"shaded corner, see position table 25.05.16"
139,344,36,39,C,4,Water,D.10.14,D,10,14,Apr-16,2:1,31.4,28,8.8,May-16,1:0,1,255.6,58.4,.,.,58.4,18.8748,.,.,18.8748,23.7653,.,.,23.7653,9.8481,.,.,9.8481,3.4122,.,.,3.4122,0.1195,.,.,0.1195,,
140,462,36,40,B,4,Water,B.5.2,B,5,2,Apr-16,2:1,27,20,9,May-16,1:0,1,212.8,66.4,.,.,66.4,26.9381,.,.,26.9381,23.236,.,.,23.236,8.8975,.,.,8.8975,5.042,.,.,5.042,0.3981,.,.,0.3981,,"unhealthy plant, dry leaves 24.05.16"
141,488,36,40,D,4,Water,D.6.1,D,6,1,Apr-16,2:1,30.5,30,8,May-16,1:0,1,346.8,60.5,.,.,60.5,14.2974,.,.,14.2974,21.5944,.,.,21.5944,9.5241,.,.,9.5241,2.641,.,.,2.641,0.1074,.,.,0.1074,,
142,514,36,31,E,4,Drought,D.7.1,D,7,1,Apr-16,2:1,24.8,32,7.5,May-16,1:0,1,280.1,47.2,.,.,47.2,13.3793,.,.,13.3793,17.1567,.,.,17.1567,6.7962,.,.,6.7962,5.2872,.,.,5.2872,0.0861,.,.,0.0861,,
143,604,36,31,G,4,Drought,11.1.16,11,1,16,Apr-16,2:1,29.5,38,7.7,May-16,1:0,1,186.5,56.4,.,.,56.4,15.6121,.,.,15.6121,21.7256,.,.,21.7256,9.0564,.,.,9.0564,2.7243,.,.,2.7243,0.1522,.,.,0.1522,,
144,506,36,32,F,4,Drought,T3.9.7,T3,9,7,Apr-16,2:1,36.2,34,10.7,May-16,1:0,1,166.2,57.9,.,.,57.9,15.2698,.,.,15.2698,22.3593,.,.,22.3593,9.5081,.,.,9.5081,7.9359,.,.,7.9359,0.1347,.,.,0.1347,,
145,339,36,32,H,4,Drought,G.9.13,G,9,13,Apr-16,2:1,34.2,40,11,May-16,1:0,1,104,50.8,.,.,50.8,31.0571,.,.,31.0571,28.9752,.,.,28.9752,11.8267,.,.,11.8267,5.1518,.,.,5.1518,0.3155,.,.,0.3155,,
146,535,36,33,E,4,Drought,11.6.15,11,6,15,Apr-16,2:1,52,31,9.8,May-16,1:0,1,258.3,51.6,.,.,51.6,23.4041,.,.,23.4041,24.2794,.,.,24.2794,9.2818,.,.,9.2818,4.9912,.,.,4.9912,0.1977,.,.,0.1977,,
147,595,36,33,G,4,Drought,B.3.7,B,3,7,Apr-16,2:1,31.8,23,9.4,May-16,1:0,1,195.8,48.4,.,.,48.4,17.7649,.,.,17.7649,22.8381,.,.,22.8381,9.5629,.,.,9.5629,3.2762,.,.,3.2762,0.1482,.,.,0.1482,,beginning of disease 24.05.16
148,442,36,34,F,4,Drought,G.3.8,G,3,8,Apr-16,2:1,45.7,36,11.3,May-16,1:0,1,102.7,52.6,.,.,52.6,29.9551,.,.,29.9551,27.9731,.,.,27.9731,11.1588,.,.,11.1588,4.6115,.,.,4.6115,0.2844,.,.,0.2844,,"not great leaves, had bugs, lower leaf taken (SLA) 25.05.16"
149,515,36,34,H,4,Drought,T3.7.13,T3,7,13,Apr-16,2:1,34,35,9.3,May-16,1:0,1,106,52.2,.,.,52.2,9.219,.,.,9.219,22.028,.,.,22.028,9.7579,.,.,9.7579,1.764,.,.,1.764,0.0668,.,.,0.0668,,
150,306,36,35,E,4,Drought,B.8.13,B,8,13,Apr-16,2:1,33.4,30,10,May-16,1:0,1,159,52.3,.,.,52.3,28.6899,.,.,28.6899,26.9601,.,.,26.9601,10.7584,.,.,10.7584,6.9947,.,.,6.9947,0.2325,.,.,0.2325,,
151,531,36,35,G,4,Drought,G.10.10,G,10,10,Apr-16,2:1,38.8,62,8.7,May-16,1:0,1,181.1,56.4,.,.,56.4,18.6168,.,.,18.6168,21.1643,.,.,21.1643,8.3215,.,.,8.3215,4.8968,.,.,4.8968,0.1771,.,.,0.1771,,
152,341,36,36,F,4,Drought,D.5.6,D,5,6,Apr-16,2:1,11.8,36,5.6,May-16,1:0,1,159,48.9,.,.,48.9,5.2373,.,.,5.2373,12.8924,.,.,12.8924,5.6999,.,.,5.6999,3.7391,.,.,3.7391,0.043,.,.,0.043,,small plant 24.05.16
153,502,36,36,H,4,Drought,11.7.4,11,7,4,Apr-16,2:1,44.2,62,11.5,May-16,1:0,1,122.4,52.5,.,.,52.5,14.2591,.,.,14.2591,23.8241,.,.,23.8241,10.0759,.,.,10.0759,2.1875,.,.,2.1875,0.139,.,.,0.139,,
154,484,36,37,E,4,Drought,G.7.8,G,7,8,Apr-16,2:1,46.9,44,9,May-16,1:0,1,169,51.2,.,.,51.2,16.9865,.,.,16.9865,21.9589,.,.,21.9589,8.8328,.,.,8.8328,3.2844,.,.,3.2844,0.1384,.,.,0.1384,,
155,318,36,37,G,4,Drought,T3.8.15,T3,8,15,Apr-16,2:1,38,38,10.4,May-16,1:0,1,130.3,63.9,.,.,63.9,22.1762,.,.,22.1762,27.1103,.,.,27.1103,11.6024,.,.,11.6024,2.9563,.,.,2.9563,0.268,.,.,0.268,,leaf ripped off 24.05.16
156,337,36,38,F,4,Drought,11.9.1,11,9,1,Apr-16,2:1,44,50,9.4,May-16,1:0,1,175.3,58.5,.,.,58.5,19.7952,.,.,19.7952,20.5736,.,.,20.5736,8.2421,.,.,8.2421,3.9487,.,.,3.9487,0.1734,.,.,0.1734,,
157,331,36,38,H,4,Drought,B.7.10,B,7,10,Apr-16,2:1,39.5,42,8.3,May-16,1:0,1,170.6,53.7,.,.,53.7,17.5467,.,.,17.5467,18.9481,.,.,18.9481,7.4861,.,.,7.4861,3.6803,.,.,3.6803,0.1667,.,.,0.1667,,
158,547,36,39,E,4,Drought,T3.3.9,T3,3,9,Apr-16,2:1,36,42,11.1,May-16,1:0,1,133.5,52.6,.,.,52.6,19.1417,.,.,19.1417,26.4068,.,.,26.4068,11.5083,.,.,11.5083,5.6556,.,.,5.6556,0.1563,.,.,0.1563,,
159,472,36,39,G,4,Drought,D.10.15,D,10,15,Apr-16,2:1,26.8,16,11.6,May-16,1:0,1,203.2,58.4,.,.,58.4,39.4754,.,.,39.4754,33.7178,.,.,33.7178,13.9395,.,.,13.9395,5.6216,.,.,5.6216,0.4982,.,.,0.4982,,
160,511,36,40,F,4,Drought,B.5.15,B,5,15,Apr-16,2:1,47.8,48,8.2,May-16,1:0,1,80.4,59.7,.,.,59.7,20.6248,.,.,20.6248,20.0599,.,.,20.0599,6.8492,.,.,6.8492,4.8431,.,.,4.8431,0.229,.,.,0.229,,
161,328,36,40,H,4,Drought,D.6.7,D,6,7,Apr-16,2:1,10,30,4.9,May-16,1:0,1,200,49.3,.,.,49.3,4.3077,.,.,4.3077,11.6704,.,.,11.6704,5.0142,.,.,5.0142,1.6394,.,.,1.6394,0.0552,.,.,0.0552,,small but 'bushy' plant 24.05.16
162,286,35,1,A,1,Water,D.7.4,D,7,4,Jun-16,2:2,27,42,8.5,Jun-16,2:0,2,.,56.1,51.6,.,53.85,7.8917,6.8591,.,7.3754,14.3232,13.733,.,14.0281,5.9122,5.9906,.,5.9514,5.2162,1.7945,.,3.50535,0.0801,0.0678,.,0.07395,,
163,149,35,1,C,1,Water,11.1.15,11,1,15,Jun-16,2:2,40.5,82,9,Jun-16,2:0,2,.,54.4,53.7,.,54.05,4.6035,3.9602,.,4.28185,13.7886,14.2404,.,14.0145,6.2627,6.4366,.,6.34965,4.4969,5.7861,.,5.1415,0.0553,0.0474,.,0.05135,,
164,204,35,2,B,1,Water,T3.9.13,T3,9,13,Jun-16,2:2,55,50,11.2,Jun-16,2:0,2,.,50.9,50.5,.,50.7,13.1477,8.8803,.,11.014,18.6486,15.1766,.,16.9126,7.971,6.202,.,7.0865,3.0236,4.7025,.,3.86305,0.1621,0.103,.,0.13255,,
165,292,35,2,D,1,Water,G.9.15,G,9,15,Jun-16,2:2,.,.,.,.,.,.,.,.,.,.,.,.,.,.,.,.,.,.,.,.,.,.,.,.,.,.,.,.,.,.,.,.,dead
166,151,35,3,A,1,Water,11.6.3,11,6,3,Jun-16,2:2,34,62,8.8,Jun-16,2:0,2,.,50.6,47.9,.,49.25,3.5535,4.0393,.,3.7964,13.1651,13.7294,.,13.44725,5.9983,6.0739,.,6.0361,0.9932,2.6058,.,1.7995,0.0514,0.0408,.,0.0461,,
167,93,35,3,C,1,Water,B.3.3,B,3,3,Jun-16,2:2,64.2,51,9.9,Jun-16,2:0,2,.,47.1,43.7,.,45.4,10.7559,8.9597,.,9.8578,17.3187,16.5086,.,16.91365,7.2487,6.9814,.,7.11505,5.8142,2.2362,.,4.0252,0.1432,0.1102,.,0.1267,,
168,47,35,4,B,1,Water,G.3.15,G,3,15,Jun-16,2:2,45.5,40,10.1,Jun-16,2:0,2,.,53.3,47.2,.,50.25,16.3329,11.8024,.,14.06765,20.6677,17.9823,.,19.325,8.2275,7.2492,.,7.73835,5.358,4.8225,.,5.09025,0.1762,0.1243,.,0.15025,,
169,110,35,4,D,1,Water,T3.7.1,T3,7,1,Jun-16,2:2,64,90,8.8,Jun-16,2:0,2,.,45.9,44.6,.,45.25,7.3348,8.1581,.,7.74645,15.7991,15.1282,.,15.46365,6.8582,6.5159,.,6.68705,1.9055,5.0537,.,3.4796,0.0844,0.0743,.,0.07935,,
170,92,35,5,A,1,Water,B.8.16,B,8,16,Jun-16,2:2,27,46,6.9,Jun-16,2:0,2,.,52,51.6,.,51.8,8.1996,4.6159,.,6.40775,15.049,11.251,.,13.15,6.0398,4.7118,.,5.3758,4.8524,3.7487,.,4.30055,0.1023,0.057,.,0.07965,,
171,61,35,5,C,1,Water,G.10.2,G,10,2,Jun-16,2:2,46.5,20,8.5,Jun-16,2:0,2,.,66.3,54.3,.,60.3,8.0617,5.4774,.,6.76955,16.0302,13.275,.,14.6526,6.8883,5.7369,.,6.3126,5.0105,5.1212,.,5.06585,0.1012,0.0714,.,0.0863,,
172,39,35,6,B,1,Water,D.5.18,D,5,18,Jun-16,2:2,42,62,7.5,Jun-16,2:0,2,.,53,46.3,.,49.65,3.4984,4.8559,.,4.17715,11.369,13.8063,.,12.58765,5.0781,6.2441,.,5.6611,1.1396,5.118,.,3.1288,0.0557,0.0364,.,0.04605,,
173,139,35,6,D,1,Water,11.7.11,11,7,11,Jun-16,2:2,71.5,75,10.5,Jun-16,2:0,2,.,56.3,53.2,.,54.75,8.6712,10.8045,.,9.73785,17.8939,18.9682,.,18.43105,7.7549,8.2218,.,7.98835,1.8197,7.1587,.,4.4892,0.1223,0.0935,.,0.1079,,
174,218,35,7,A,1,Water,G.7.16,G,7,16,Jun-16,2:2,46.5,51,9,Jun-16,2:0,2,.,59.2,43.3,.,51.25,14.7661,8.914,.,11.84005,17.722,14.2164,.,15.9692,6.7549,5.6877,.,6.2213,5.1536,4.1651,.,4.65935,0.1733,0.101,.,0.13715,,
175,77,35,7,C,1,Water,T3.8.16,T3,8,16,Jun-16,2:2,68.5,52,10.4,Jun-16,2:0,2,.,47.3,49.7,.,48.5,13.7164,9.6434,.,11.6799,19.3089,17.2168,.,18.26285,7.9426,7.3067,.,7.62465,6.738,5.9754,.,6.3567,0.1408,0.0998,.,0.1203,,
176,90,35,8,B,1,Water,11.9.3,11,9,3,Jun-16,2:2,64.5,51,9.4,Jun-16,2:0,2,.,59,60.2,.,59.6,13.6811,13.1532,.,13.41715,18.1474,17.7631,.,17.95525,7.4801,7.4692,.,7.47465,2.9257,5.6043,.,4.265,0.11,0.1346,.,0.1223,,
177,102,35,8,D,1,Water,B.7.3,B,7,3,Jun-16,2:2,57,54,8.1,Jun-16,2:0,2,.,35.1,42.7,.,38.9,17.1538,11.4557,.,14.30475,19.1438,15.719,.,17.4314,7.6061,6.3643,.,6.9852,6.143,2.9398,.,4.5414,0.1942,0.1234,.,0.1588,,
178,153,35,9,A,1,Water,T3.3.14,T3,3,14,Jun-16,2:2,34.5,35,14.5,Jun-16,2:0,2,.,41.3,42.9,.,42.1,8.4436,5.6867,.,7.06515,23.4774,18.271,.,20.8742,10.4506,8.3886,.,9.4196,9.0831,1.0276,.,5.05535,0.1135,0.0734,.,0.09345,,
179,263,35,9,C,1,Water,D.10.17,D,10,17,Jun-16,2:2,54,50,9.1,Jun-16,2:0,2,.,50.5,45.2,.,47.85,10.3377,8.0056,.,9.17165,17.9801,16.3012,.,17.14065,7.7728,7.1208,.,7.4468,5.8124,5.0857,.,5.44905,0.1196,0.0876,.,0.1036,,
180,160,35,10,B,1,Water,B.5.8,B,5,8,Jun-16,2:2,18.7,50,4.8,Jun-16,2:0,2,.,41.2,33.4,.,37.3,4.0103,2.8469,.,3.4286,10.1793,8.4876,.,9.33345,4.4286,3.6973,.,4.06295,3.601,1.245,.,2.423,0.0455,0.0321,.,0.0388,,
181,81,35,10,D,1,Water,D.6.9,D,6,9,Jun-16,2:2,48.4,48,10.8,Jun-16,2:0,2,.,51.3,46.2,.,48.75,9.6305,7.6699,.,8.6502,16.7487,14.5038,.,15.62625,7.3494,6.2319,.,6.79065,2.5198,2.0494,.,2.2846,0.0845,0.0589,.,0.0717,,
182,74,35,1,E,1,Drought,D.7.8,D,7,8,Jun-16,2:2,32,16,6,Jun-16,2:0,2,.,57,50.1,.,53.55,8.8673,4.7098,.,6.78855,13.2883,10.2447,.,11.7665,5.3922,4.3246,.,4.8584,4.3996,1.668,.,3.0338,0.0861,0.0419,.,0.064,,
183,59,35,1,G,1,Drought,11.1.3,11,1,3,Jun-16,2:2,58,56,8.2,Jun-16,2:0,2,.,58.1,58.1,.,58.1,6.2619,4.8058,.,5.53385,16.5075,14.6256,.,15.56655,7.538,6.4905,.,7.01425,1.4562,3.271,.,2.3636,0.092,0.0685,.,0.08025,,
184,244,35,2,F,1,Drought,T3.9.12,T3,9,12,Jun-16,2:2,52.5,51,10.5,Jun-16,2:0,2,.,55.6,51.2,.,53.4,14.4106,10.5366,.,12.4736,20.1883,17.2008,.,18.69455,8.3784,7.1233,.,7.75085,6.4928,2.7114,.,4.6021,0.1905,0.1352,.,0.16285,,
185,58,35,2,H,1,Drought,G.9.16,G,9,16,Jun-16,2:2,42.8,25,8.8,Jun-16,2:0,2,.,52.3,48.2,.,50.25,12.4135,9.7348,.,11.07415,17.0425,15.2772,.,16.15985,6.8907,6.413,.,6.65185,3.0381,5.0592,.,4.04865,0.1692,0.1334,.,0.1513,,
186,199,35,3,E,1,Drought,11.6.11,11,6,11,Jun-16,2:2,65,55,11.3,Jun-16,2:0,2,.,51.6,54.5,.,53.05,13.8391,13.1192,.,13.47915,21.0484,21.0408,.,21.0446,8.5252,8.8082,.,8.6667,3.1262,5.6388,.,4.3825,0.1689,0.1637,.,0.1663,,
187,124,35,3,G,1,Drought,B.3.16,B,3,16,Jun-16,2:2,51,39,9.8,Jun-16,2:0,2,.,55.4,51.8,.,53.6,8.3201,9.3564,.,8.83825,16.3422,16.6636,.,16.5029,7.0484,6.9979,.,7.02315,2.9081,2.3609,.,2.6345,0.1077,0.995,.,0.55135,,
188,100,35,4,F,1,Drought,G.3.13,G,3,13,Jun-16,2:2,47.8,56,9.1,Jun-16,2:0,2,.,54.7,46.6,.,50.65,13.8208,9.1234,.,11.4721,20.1351,16.5838,.,18.35945,8.593,6.4653,.,7.52915,2.822,4.1593,.,3.49065,0.1668,0.1023,.,0.13455,,
189,12,35,4,H,1,Drought,T3.7.6,T3,7,6,Jun-16,2:2,47.9,71,9.7,Jun-16,2:0,2,.,44.9,43.2,.,44.05,6.5211,5.0535,.,5.7873,15.5971,13.0704,.,14.33375,6.3686,5.8822,.,6.1254,2.0089,1.4348,.,1.72185,0.0814,0.0662,.,0.0738,,
190,40,35,5,E,1,Drought,B.8.12,B,8,12,Jun-16,2:2,78.7,32,9.5,Jun-16,2:0,2,.,52.6,47.2,.,49.9,11.6409,12.0936,.,11.86725,17.4651,17.7985,.,17.6318,6.9393,7.089,.,7.01415,3.2191,4.3952,.,3.80715,0.134,0.1161,.,0.12505,,
191,229,35,5,G,1,Drought,G.10.11,G,10,11,Jun-16,2:2,53.8,33,9.8,Jun-16,2:0,2,.,55.4,52.6,.,54,11.8163,14.528,.,13.17215,17.322,18.6654,.,17.9937,6.8833,7.5368,.,7.21005,4.6272,6.1342,.,5.3807,0.1707,0.1429,.,0.1568,,
192,20,35,6,F,1,Drought,D.5.5,D,5,5,Jun-16,2:2,46.8,61,9,Jun-16,2:0,2,.,57.8,56.2,.,57,6.8145,6.2797,.,6.5471,16.8929,15.3439,.,16.1184,7.5805,6.8273,.,7.2039,2.1861,1.3987,.,1.7924,0.0683,0.0586,.,0.06345,,
193,62,35,6,H,1,Drought,11.7.13,11,7,13,Jun-16,2:2,53.4,78,12.4,Jun-16,2:0,2,.,52.7,508,.,280.35,5.098,4.633,.,4.8655,14.7887,14.4754,.,14.63205,6.5865,6.3585,.,6.4725,4.3686,1.232,.,2.8003,0.0681,0.0578,.,0.06295,,
194,73,35,7,E,1,Drought,G.7.4,G,7,4,Jun-16,2:2,57.2,51,11.5,Jun-16,2:0,2,.,48.5,41.4,.,44.95,11.24,11.7167,.,11.47835,15.6497,16.2236,.,15.93665,6.3197,6.5695,.,6.4446,2.9181,4.3954,.,3.65675,0.1181,0.1225,.,0.1203,,
195,77,35,7,G,1,Drought,T3.8.1,T3,8,1,Jun-16,2:2,66.5,46,10.2,Jun-16,2:0,2,.,47.4,48,.,47.7,11.8447,11.2712,.,11.55795,18.3437,18.896,.,18.61985,7.608,8.0014,.,7.8047,4.4437,2.4842,.,3.46395,0.1334,0.1277,.,0.13055,,
196,156,35,8,F,1,Drought,11.9.9,11,9,9,Jun-16,2:2,66,38,7.7,Jun-16,2:0,2,.,67.9,62.1,.,65,13.6992,13.8361,.,13.76765,17.5573,17.5795,.,17.5684,6.8876,7.1105,.,6.99905,3.4631,5.5084,.,4.48575,0.1225,0.1651,.,0.1438,,
197,44,35,8,H,1,Drought,B.7.7,B,7,7,Jun-16,2:2,49,45,7.4,Jun-16,2:0,2,.,43.2,41.4,.,42.3,10.18,12.9803,.,11.58015,14.0339,15.7995,.,14.9167,5.4307,5.7919,.,5.6113,4.1552,4.8718,.,4.5135,0.1556,0.1105,.,0.13305,,
198,266,35,9,E,1,Drought,T3.3.3,T3,3,3,Jun-16,2:2,56,60,11.1,Jun-16,2:0,2,.,43.8,41.7,.,42.75,10.9805,11.5441,.,11.2623,21.4429,21.3087,.,21.3758,9.3826,9.526,.,9.4543,2.0926,2.0772,.,2.0849,0.0988,0.0933,.,0.09605,,
199,3,35,9,G,1,Drought,D.10.4,D,10,4,Jun-16,2:2,57,21,9,Jun-16,2:0,2,.,53.9,53.5,.,53.7,12.2922,14.3009,.,13.29655,17.4462,18.8825,.,18.16435,7.4612,7.8973,.,7.67925,5.7577,5.9031,.,5.8304,0.1703,0.1437,.,0.157,,
200,287,35,10,F,1,Drought,B.5.4,B,5,4,Jun-16,2:2,73,55,9.7,Jun-16,2:0,2,.,48.9,50.1,.,49.5,16.424,14.421,.,15.4225,19.4265,18.2146,.,18.82055,7.76,7.3328,.,7.5464,6.5403,3.2795,.,4.9099,0.178,0.1604,.,0.1692,,
201,280,35,10,H,1,Drought,D.6.12,D,6,12,Jun-16,2:2,49,69,10.5,Jun-16,2:0,2,.,57.4,56.9,.,57.15,9.9393,7.2984,.,8.61885,19.3295,16.7327,.,18.0311,8.5917,7.5176,.,8.05465,7.4499,1.58,.,4.51495,0.1014,0.0718,.,0.0866,,
202,389,36,11,A,2,Water,D.7.3,D,7,3,Jun-16,2:2,23,86,4,Jun-16,2:0,2,.,47.3,44.7,.,46,6.4297,3.9842,.,5.20695,13.598,10.9192,.,12.2586,5.8207,4.6593,.,5.24,3.4591,1.2721,.,2.3656,0.0545,0.0337,.,0.0441,,
203,330,36,11,C,2,Water,11.1.2,11,1,2,Jun-16,2:2,65.4,82,9.9,Jun-16,2:0,2,.,49.2,46.1,.,47.65,8.5515,8.7112,.,8.63135,16.7997,16.9393,.,16.8695,7.3323,7.4389,.,7.3856,6.2793,1.8746,.,4.07695,0.0835,0.0856,.,0.08455,,
204,340,36,12,B,2,Water,T3.9.3,T3,9,3,Jun-16,2:2,30.4,17,10,Jun-16,2:0,2,.,52.2,49.2,.,50.7,10.9426,10.8337,.,10.88815,17.8362,16.7533,.,17.29475,7.7565,6.9872,.,7.37185,2.3674,5.9095,.,4.13845,0.0837,0.0784,.,0.08105,,
205,450,36,12,D,2,Water,G.9.2,G,9,2,Jun-16,2:2,62,45,11.2,Jun-16,2:0,2,.,51.8,44.5,.,48.15,16.7218,20.5864,.,18.6541,21.0368,22.8321,.,21.93445,8.6209,9.2905,.,8.9557,3.4029,7.4014,.,5.40215,0.2321,0.1841,.,0.2081,,
206,598,36,13,A,2,Water,11.6.6,11,6,6,Jun-16,2:2,45.2,48,8.5,Jun-16,2:0,2,.,62.5,56.9,.,59.7,7.3586,5.5161,.,6.43735,16.5534,14.071,.,15.3122,7.4242,6.3606,.,6.8924,6.7743,4.3951,.,5.5847,0.0922,0.0723,.,0.08225,,
207,395,36,13,C,2,Water,B.3.10,B,3,10,Jun-16,2:2,59,37,8,Jun-16,2:0,2,.,51.8,47.4,.,49.6,10.1193,10.2619,.,10.1906,15.8612,16.314,.,16.0876,6.5845,6.7727,.,6.6786,5.3886,4.9619,.,5.17525,0.1121,0.1136,.,0.11285,,
208,507,36,14,B,2,Water,G.3.14,G,3,14,Jun-16,2:2,62,34,11,Jun-16,2:0,2,.,47,41.8,.,44.4,17.3672,12.5766,.,14.9719,19.8606,17.1102,.,18.4854,7.7994,6.7665,.,7.28295,5.7253,3.1978,.,4.46155,0.2185,0.145,.,0.18175,,
209,463,36,14,D,2,Water,T3.7.8,T3,7,8,Jun-16,2:2,65.5,80,11.2,Jun-16,2:0,2,.,45.9,38.1,.,42,9.7701,7.5399,.,8.655,19.2825,16.5674,.,17.92495,8.2381,7.1986,.,7.71835,5.4781,6.027,.,5.75255,0.0882,0.0635,.,0.07585,,
210,422,36,15,A,2,Water,B.8.10,B,8,10,Jun-16,2:2,65.7,36,8,Jun-16,2:0,2,.,41.3,40,.,40.65,14.5303,16.4658,.,15.49805,16.0973,17.7477,.,16.9225,5.5285,6.2804,.,5.90445,4.2188,4.944,.,4.5814,0.1811,0.1458,.,0.16345,,
211,414,36,15,C,2,Water,G.10.13,G,10,13,Jun-16,2:2,66.2,23,8.4,Jun-16,2:0,2,.,48.2,50.7,.,49.45,14.1119,16.7476,.,15.42975,17.7819,18.8194,.,18.30065,6.8868,7.5715,.,7.22915,3.5222,6.0232,.,4.7727,0.151,0.1266,.,0.1388,,
212,529,36,16,B,2,Water,D.5.12,D,5,12,Jun-16,2:2,42,50,7,Jun-16,2:0,2,.,56.5,54.9,.,55.7,5.8213,4.3701,.,5.0957,14.4884,12.5768,.,13.5326,6.4021,5.5869,.,5.9945,5.1291,1.3074,.,3.21825,0.0459,0.0288,.,0.03735,,
213,364,36,16,D,2,Water,11.7.17,11,7,17,Jun-16,2:2,60.5,32,10.5,Jun-16,2:0,.,.,.,.,.,.,.,.,.,.,.,.,.,.,.,.,.,.,.,.,.,.,.,.,.,.,,no 11.7.17
214,520,36,17,A,2,Water,G.7.9,G,7,9,Jun-16,2:2,56.9,67,8.7,Jun-16,2:0,2,.,45.3,40.6,.,42.95,9.0685,11.3981,.,10.2333,15.6347,16.7873,.,16.211,6.5614,6.8438,.,6.7026,2.4953,2.8264,.,2.66085,0.116,0.0958,.,0.1059,,
215,516,36,17,C,2,Water,T3.8.4,T3,8,4,Jun-16,2:2,29.3,10,7.5,Jun-16,2:0,2,.,41.9,41.2,.,41.55,7.3976,7.4732,.,7.4354,14.9035,15.9464,.,15.42495,6.4764,6.9631,.,6.71975,5.524,1.8411,.,3.68255,0.334,0.328,.,0.0331,,
216,121,36,18,B,2,Water,11.9.11,11,9,14,Jun-16,2:2,50,33,9.5,Jun-16,2:0,2,.,52.3,52,.,52.15,14.0583,10.9776,.,12.51795,18.5404,16.0114,.,17.2759,7.5879,6.4814,.,7.03465,4.1977,2.6951,.,3.4464,0.1152,0.0937,.,0.10445,,was 11-9-14
217,346,36,18,D,2,Water,B.7.6,B,7,6,Jun-16,2:2,64.8,29,6.9,Jun-16,2:0,2,.,41.9,41.8,.,41.85,18.6975,14.2421,.,16.4698,18.2457,16.0776,.,17.16165,6.0809,5.1918,.,5.63635,4.9001,4.3472,.,4.62365,0.1987,0.1481,.,0.1734,,
218,568,36,19,A,2,Water,T3.3.13,T3,3,13,Jun-16,2:2,36.5,38,9.6,Jun-16,2:0,2,.,50.2,53.2,.,51.7,10.3511,9.2253,.,9.7882,16.3817,16.054,.,16.21785,6.7573,6.861,.,6.80915,2.6299,2.2405,.,2.4352,0.0846,0.104,.,0.0943,,
219,592,36,19,C,2,Water,D.10.2,D,10,2,Jun-16,2:2,48,13,9.6,Jun-16,2:0,2,.,54.7,53.6,.,54.15,11.6315,15.7955,.,13.7135,15.6016,18.0266,.,16.8141,6.3015,7.424,.,6.86275,4.7265,4.7309,.,4.7287,0.1104,0.0835,.,0.09695,,
220,500,36,20,B,2,Water,B.5.16,B,5,16,Jun-16,2:2,71,48,6.3,Jun-16,2:0,2,.,49.1,45.7,.,47.4,9.2902,7.1109,.,8.20055,13.7697,12.3992,.,13.08445,5.3357,4.826,.,5.08085,4.2671,2.4987,.,3.3829,0.1023,0.07,.,0.08615,,
221,383,36,20,D,2,Water,D.6.11,D,6,11,Jun-16,2:2,49,53,9.4,Jun-16,2:0,2,.,54,55,.,54.5,6.8887,8.9921,.,7.9404,15.2244,16.9426,.,16.0835,6.7684,7.5145,.,7.14145,1.6696,6.4229,.,4.04625,0.0655,0.0527,.,0.0591,,
222,338,36,11,E,2,Drought,D.7.10,D,7,10,Jun-16,2:2,25.3,19,9,Jun-16,2:0,2,.,44.7,41.3,.,43,11.8978,6.5966,.,9.2472,19.1234,15.369,.,17.2462,8.4284,6.8063,.,7.61735,7.3304,1.7357,.,4.53305,0.0861,0.0441,.,0.0651,,
223,361,36,11,G,2,Drought,11.1.1,11,1,1,Jun-16,2:2,51.5,45,9.5,Jun-16,2:0,2,.,52.6,50.9,.,51.75,10.0649,8.18,.,9.12245,15.8071,14.9042,.,15.35565,6.6096,6.3145,.,6.46205,4.4103,2.2848,.,3.34755,0.0977,0.0771,.,0.0874,,
224,390,36,12,F,2,Drought,T3.9.15,T3,9,15,Jun-16,2:2,45.5,19,10,Jun-16,2:0,2,.,54.4,52.9,.,53.65,18.0274,14.8271,.,16.42725,21.7421,19.3194,.,20.53075,9.1358,8.1624,.,8.6491,6.7221,2.8556,.,4.78885,0.1492,0.13,.,0.1396,,
225,554,36,12,H,2,Drought,G.9.11,G,9,11,Jun-16,2:2,48.3,31,8.6,Jun-16,2:0,2,.,42.1,39.9,.,41,14.9407,10.6916,.,12.81615,18.7102,16.5943,.,17.65225,7.6944,6.9242,.,7.3093,5.8466,2.6799,.,4.26325,0.1634,0.1191,.,0.14125,,
226,501,36,13,E,2,Drought,11.6.9,11,6,9,Jun-16,2:2,62,53,10.4,Jun-16,2:0,2,.,56.2,57.6,.,56.9,6.6028,8.9887,.,7.79575,16.1984,17.4908,.,16.8446,7.0915,7.5908,.,7.34115,1.6589,5.4169,.,3.5379,0.1072,0.0714,.,0.0893,,
227,548,36,13,G,2,Drought,B.3.11,B,3,11,Jun-16,2:2,54,45,12.2,Jun-16,2:0,2,.,43.3,44.3,.,43.8,12.3065,12.0092,.,12.15785,18.9027,18.3135,.,18.6081,8.0487,7.8024,.,7.92555,6.7345,2.876,.,4.80525,0.1466,0.1429,.,0.14475,,
228,335,36,14,F,2,Drought,G.3.3,G,3,3,Jun-16,2:2,74,55,11.4,Jun-16,2:0,2,.,44.8,45.8,.,45.3,10.372,9.1471,.,9.75955,19.9799,18.9214,.,19.45065,8.5779,8.0843,.,8.3311,6.9731,5.7995,.,6.3863,0.1351,0.1175,.,0.1263,,
229,412,36,14,H,2,Drought,T3.7.5,T3,7,5,Jun-16,2:2,45.3,37,10.9,Jun-16,2:0,2,.,49.6,44.6,.,47.1,6.8951,8.9031,.,7.8991,19.5357,20.7906,.,20.16315,8.4074,8.884,.,8.6457,1.3362,7.6646,.,4.5004,0.87,0.0662,.,0.4681,,
230,342,36,15,E,2,Drought,B.8.6,B,8,6,Jun-16,2:2,55,30,9.2,Jun-16,2:0,3,.,56.5,47.7,46.8,50.3333333333,17.5654,7.0157,10.12,11.5670333333,19.8393,13.6641,16.73,16.7444666667,7.2892,5.3732,6.7996,6.4873333333,5.5274,2.3055,5.2421,4.3583333333,0.215,0.1217,0.0834,0.1400333333,,
231,460,36,15,G,2,Drought,G.10.7,G,10,7,Jun-16,2:2,50.3,31,8,Jun-16,2:0,2,.,51.8,52.1,.,51.95,10.3102,8.6814,.,9.4958,15.9977,14.9806,.,15.48915,6.5413,6.1199,.,6.3306,5.4095,2.3784,.,3.89395,0.1256,0.1073,.,0.11645,,
232,358,36,16,F,2,Drought,D.5.11,D,5,11,Jun-16,2:2,45.8,23,10,Jun-16,2:0,2,.,57.6,55.4,.,56.5,7.7956,11.572,.,9.6838,17.7751,18.915,.,18.34505,7.7202,8.2516,.,7.9859,1.6293,6.89,.,4.25965,0.1008,0.0651,.,0.08295,,
233,571,36,16,H,2,Drought,11.7.9,11,7,9,Jun-16,2:2,38.5,49,9.5,Jun-16,2:0,2,.,56.9,51,.,53.95,14.7441,9.7491,.,12.2466,22.4227,18.9271,.,20.6749,9.7458,8.2693,.,9.00755,8.0128,2.0993,.,5.05605,0.1642,0.0943,.,0.12925,,
234,375,36,17,E,2,Drought,G.7.5,G,7,5,Jun-16,2:2,74.5,49,9.4,Jun-16,2:0,2,.,42.9,37.6,.,40.25,12.2497,11.1451,,11.6974,17.0584,17.4828,.,17.2706,7.197,6.9546,.,7.0758,5.8922,2.9614,.,4.4268,0.1334,0.12,.,0.1267,,measurements corrected this row
235,448,36,17,G,2,Drought,T3.8.10,T3,8,10,Jun-16,2:2,62.8,51,10.5,Jun-16,2:0,2,.,44.1,40.6,.,42.35,10.21,7.1382,.,8.6741,16.6932,14.0649,.,15.37905,6.8534,6.0502,.,6.4518,4.7005,4.4131,.,4.5568,0.1225,0.0784,.,0.10045,,
236,553,36,18,F,2,Drought,11.9.2,11,9,2,Jun-16,2:2,55.5,31,10,Jun-16,2:0,2,.,53.3,52.6,.,52.95,11.0391,10.1289,.,10.584,16.7482,15.9786,.,16.3634,6.8831,6.722,.,6.80255,4.8189,2.4417,.,3.6303,0.0998,0.0955,.,0.09765,,
237,585,36,18,H,2,Drought,B.7.1,B,7,1,Jun-16,2:2,48,36,7,Jun-16,2:0,2,.,40.8,35.7,.,38.25,11.7528,8.4473,.,10.10005,14.5919,13.6135,.,14.1027,5.4793,5.1428,.,5.31105,3.2976,4.0473,.,3.67245,0.1325,0.0941,.,0.1133,,
238,329,36,19,E,2,Drought,T3.3.6,T3,3,6,Jun-16,2:2,35.7,82,9,Jun-16,2:0,2,.,46.3,43.6,.,44.95,4.8252,4.2396,.,4.5324,12.8795,12.781,.,12.83025,5.7899,5.5376,.,5.66375,4.1671,4.8172,.,4.49215,0.0454,0.0386,.,0.042,,
239,305,36,19,G,2,Drought,D.10.8,D,10,8,Jun-16,2:2,35,15,10.5,Jun-16,2:0,2,.,43.3,42.9,.,43.1,8.9011,7.0858,.,7.99345,14.8069,14.3783,.,14.5926,6.2692,6.3022,.,6.2857,2.4579,5.0245,.,3.7412,0.0649,0.0548,.,0.05985,,
240,308,36,20,F,2,Drought,B.5.11,B,5,11,Jun-16,2:2,72,45,7.5,Jun-16,2:0,2,.,49.8,47.2,.,48.5,11.1621,7.3574,.,9.25975,15.7896,13.2623,.,14.52595,6.3195,5.3967,.,5.8581,5.1163,2.3893,.,3.7528,0.1296,0.0798,.,0.1047,,
241,582,36,20,H,2,Drought,D.6.4,D,6,4,Jun-16,2:2,47.2,27,11,Jun-16,2:0,2,.,53.6,45.2,.,49.4,10.8764,7.6029,.,9.23965,17.5184,15.3534,.,16.4359,7.3449,6.7204,.,7.03265,4.8206,2.1115,.,3.46605,0.1328,0.0883,.,0.11055,,
242,167,35,21,A,3,Water,D.7.5,D,7,5,Jun-16,2:2,27.5,32,9,Jun-16,2:0,2,.,50.9,45.6,.,48.25,5.1488,7.1724,.,6.1606,13.8235,14.6026,.,14.21305,6.1649,6.3015,.,6.2332,1.3563,4.5884,.,2.97235,0.0638,0.0478,.,0.0558,,
243,180,35,21,C,3,Water,11.1.6,11,1,6,Jun-16,2:2,58,100,8.2,Jun-16,2:0,2,.,51.9,46.8,.,49.35,9.0648,7.5818,.,8.3233,16.4838,14.6446,.,15.5642,7.0077,6.1409,.,6.5743,5.0434,4.2288,.,4.6361,0.0945,0.0703,.,0.0824,,
244,57,35,22,B,3,Water,T3.9.16,T3,9,16,Jun-16,2:2,52,56,10,Jun-16,2:0,2,.,51.6,42.7,.,47.15,11.6801,11.419,.,11.54955,19.121,18.0624,.,18.5917,8.1439,7.621,.,7.88245,3.0103,5.1774,.,4.09385,0.1186,0.1139,.,0.11625,,
245,252,35,22,D,3,Water,G.9.5,G,9,5,Jun-16,2:2,59.4,45,9,Jun-16,2:0,2,.,45.2,45.1,.,45.15,16.1606,14.6806,.,15.4206,20.0359,19.5962,.,19.81605,8.4561,8.182,.,8.31905,6.6628,2.9332,.,4.798,0.1653,0.1386,.,0.15195,,
246,11,35,23,A,3,Water,11.6.10,11,6,10,Jun-16,2:2,43,9,9.3,Jun-16,2:0,2,.,30.4,28,.,29.2,5.987,7.3393,.,6.66315,13.9155,14.6076,.,14.26155,5.9734,6.3736,.,6.1735,1.7761,5.1495,.,3.4628,0.0839,0.066,.,0.07495,,
247,21,35,23,C,3,Water,B.3.6,B,3,6,Jun-16,2:2,72.5,30,8,Jun-16,2:0,2,.,54.5,52.1,.,53.3,12.2112,10.2456,.,11.2284,17.3721,15.9159,.,16.644,7.0585,6.5928,.,6.82565,5.263,5.0855,.,5.17425,0.1014,0.0795,.,0.09045,,
248,205,35,24,B,3,Water,G.3.9,G,3,9,Jun-16,2:2,43,32,7,Jun-16,2:0,2,.,54,50.3,.,52.15,12.2108,10.2452,.,11.228,17.3718,15.9156,.,16.6437,7.0584,6.5927,.,6.82555,5.2629,5.0854,.,5.17415,0.1189,0.0479,.,0.0834,,
249,291,35,24,D,3,Water,T3.7.11,T3,7,11,Jun-16,2:2,71.4,117,10,Jun-16,2:0,2,.,48.9,40.9,.,44.9,10.5185,7.8777,.,9.1981,20.1861,17.7932,.,18.98965,9.0981,7.5106,.,8.30435,8.1344,4.0489,.,6.09165,0.0938,0.0709,.,0.08235,,
250,4,35,25,A,3,Water,B.8.5,B,8,5,Jun-16,2:2,32.3,49,8,Jun-16,2:0,2,.,47.9,45.1,.,46.5,15.2904,12.1716,.,13.731,20.0681,17.9992,.,19.03365,8.5018,7.6939,.,8.09785,5.212,5.7776,.,5.4948,0.1497,0.108,.,0.12885,,
251,8,35,25,C,3,Water,G.10.3,G,10,3,Jun-16,2:2,73.5,60,10,Jun-16,2:0,2,.,54.6,47.6,.,51.1,9.9486,9.3249,.,9.63675,22.298,19.1052,.,20.7016,9.9936,8.5827,.,9.28815,8.8563,1.7297,.,5.293,0.1116,0.0972,.,0.1044,,
252,227,35,26,B,3,Water,D.5.9,D,5,9,Jun-16,2:2,63,49,13,Jun-16,2:0,2,.,47.2,44.6,.,45.9,13.3126,11.1809,.,12.24675,27.2714,24.2147,.,25.74305,12.2605,10.9743,.,11.6174,10.9306,6.3808,.,8.6557,0.1271,0.1042,.,0.11565,,
253,228,35,26,D,3,Water,11.7.2,11,7,2,Jun-16,2:2,87.5,30,11.5,Jun-16,2:0,2,.,50.5,51,.,50.75,8.4304,7.2155,.,7.82295,19.5725,17.7134,.,18.64295,8.8688,8.0619,.,8.46535,6.6581,6.6412,.,6.64965,0.0817,0.0729,.,0.0773,,
254,281,35,27,A,3,Water,G.7.2,G,7,2,Jun-16,2:2,45,32,9,Jun-16,2:0,2,.,43,43.5,.,43.25,10.3553,7.6141,.,8.9847,17.877,14.7251,.,16.30105,7.6906,6.4676,.,7.0791,6.7613,1.9576,.,4.35945,0.1065,0.0806,.,0.09355,,
255,16,35,27,C,3,Water,T3.8.5,T3,8,5,Jun-16,2:2,33,18,7,Jun-16,2:0,2,.,39.3,44.5,.,41.9,7.5312,4.8137,.,6.17245,15.3395,13.0901,.,14.2148,6.2769,5.7138,.,5.99535,4.4703,4.8506,.,4.66045,0.0648,0.0398,.,0.0523,,
256,268,35,28,B,3,Water,11.9.16,11,9,16,Jun-16,2:2,17,6,7.5,Jun-16,2:0,.,.,.,.,.,.,.,.,.,.,.,.,.,.,.,.,.,.,.,.,.,.,.,.,.,.,,no 11.9.16
257,123,35,28,D,3,Water,B.7.13,B,7,13,Jun-16,2:2,60,34,6.5,Jun-16,2:0,2,.,38.8,38.4,.,38.6,10.9314,8.6911,.,9.81125,14.6335,12.9738,.,13.80365,5.7774,5.1187,.,5.44805,4.4298,2.6158,.,3.5228,0.1099,0.0775,.,0.0937,,
258,60,35,29,A,3,Water,T3.3.12,T3,3,12,Jun-16,2:2,39,20,9,Jun-16,2:0,2,.,53.6,50.1,.,51.85,13.5534,9.695,.,11.6242,21.5821,17.9355,.,19.7588,8.5434,7.7841,.,8.16375,4.873,2.2835,.,3.57825,0.1324,0.0837,.,0.10805,,
259,42,35,29,C,3,Water,D.10.16,D,10,16,Jun-16,2:2,59,28,9.5,Jun-16,2:0,2,.,53.2,43.7,.,48.45,13.5529,9.6947,.,11.6238,21.5817,17.9351,.,19.7584,8.5433,7.784,.,8.16365,4.8729,2.2835,.,3.5782,0.1058,0.0866,.,0.0962,,
260,72,35,30,B,3,Water,B.5.12,B,5,12,Jun-16,2:2,64,63,7.5,Jun-16,2:0,2,.,48,43.4,.,45.7,11.6888,9.3388,.,10.5138,15.698,13.9193,.,14.80865,6.0499,5.3452,.,5.69755,4.4328,2.8199,.,3.62635,0.1196,0.0934,.,0.1065,,
261,220,35,30,D,3,Water,D.6.2,D,6,2,Jun-16,2:2,70,58,11,Jun-16,2:0,2,.,47.3,49.3,.,48.3,15.4644,11.3699,.,13.41715,20.712,19.4285,.,20.07025,8.8771,8.4594,.,8.66825,7.1721,2.2047,.,4.6884,0.1528,0.1153,.,0.13405,,
262,87,35,21,E,3,Drought,D.7.15,D,7,15,Jun-16,2:2,29.8,31,9.9,Jun-16,2:0,2,.,50.3,47.8,.,49.05,8.1118,10.0912,.,9.1015,18.4489,19.4602,.,18.95455,8.2207,8.6803,.,8.4505,1.7684,3.7758,.,2.7721,0.07,0.0599,.,0.06495,,
263,107,35,21,G,3,Drought,11.1.7,11,1,7,Jun-16,2:2,59.3,67,11,Jun-16,2:0,2,.,56.1,50.7,.,53.4,8.5629,5.8466,.,7.20475,20.349,16.2047,.,18.27685,9.0445,7.3104,.,8.17745,6.103,1.3409,.,3.72195,0.0908,0.0627,.,0.07675,,
264,38,35,22,F,3,Drought,T3.9.14,T3,9,14,Jun-16,2:2,66.5,27,9.2,Jun-16,2:0,2,.,46.8,39.9,.,43.35,14.6793,11.1087,.,12.894,19.1022,16.2506,.,17.6764,7.9913,6.8063,.,7.3988,6.0944,5.3391,.,5.71675,0.1421,0.0946,.,0.11835,,
265,219,35,22,H,3,Drought,G.9.14,G,9,14,Jun-16,2:2,63.5,41,10.5,Jun-16,2:0,2,.,44.1,42.1,.,43.1,10.5121,14.7621,.,12.6371,15.2911,19.0083,.,17.1497,6.2606,8.0059,.,7.13325,2.7248,6.0287,.,4.37675,0.1937,0.1415,.,0.1676,,
266,233,35,23,E,3,Drought,11.6.16,11,6,16,Jun-16,2:2,64.8,16,11.5,Jun-16,2:0,2,.,53.6,53.1,.,53.35,27.9711,19.5201,.,23.7456,27.3616,23.3411,.,25.35135,11.4261,9.6869,.,10.5565,9.1905,6.4786,.,7.83455,0.2716,0.1986,.,0.2351,,
267,50,35,23,G,3,Drought,B.3.13,B,3,13,Jun-16,2:2,48,25,7.9,Jun-16,2:0,2,.,50.4,45.9,.,48.15,10.8932,9.1258,.,10.0095,16.8737,14.6033,.,15.7385,7.1734,6.1079,.,6.64065,5.7758,4.3205,.,5.04815,0.1303,0.1069,.,0.1186,,
268,140,35,24,F,3,Drought,G.3.10,G,3,10,Jun-16,2:2,49,27,8.1,Jun-16,2:0,2,.,49.6,30.4,.,40,8.5403,10.5074,.,9.52385,17.4392,17.6903,.,17.56475,7.4631,7.0249,.,7.244,1.9382,5.6678,.,3.803,0.1105,0.0912,.,0.10085,,
269,213,35,24,H,3,Drought,T3.7.9,T3,7,9,Jun-16,2:2,44,39,8,Jun-16,2:0,2,.,43.7,37.1,.,40.4,5.8647,4.2265,.,5.0456,13.9058,12.5546,.,13.2302,6.1263,5.5263,.,5.8263,5.4262,1.2256,.,3.3259,0.0697,0.0497,.,0.0597,,
270,159,35,25,E,3,Drought,B.8.9,B,8,9,Jun-16,2:2,72.5,27,11.6,Jun-16,2:0,2,.,42.1,35.6,.,38.85,15.334,9.7646,.,12.5493,19.8911,16.7351,.,18.3131,8.421,7.2176,.,7.8193,7.2263,2.3718,.,4.79905,0.1619,0.094,.,0.12795,,
271,202,35,25,G,3,Drought,G.10.16,G,10,16,Jun-16,2:2,57,22,10.3,Jun-16,2:0,2,.,52.4,46.4,.,49.4,15.0838,4.8279,.,9.95585,20.0133,11.4594,.,15.73635,8.3382,4.8212,.,6.5797,7.0849,1.4485,.,4.2667,0.1739,0.0555,.,0.1147,,
272,264,35,26,F,3,Drought,D.5.1,D,5,1,Jun-16,2:2,41,28,9.8,Jun-16,2:0,2,.,59.5,50.2,.,54.85,6.1559,5.4786,.,5.81725,21.6026,16.7803,.,19.19145,9.8797,7.4891,.,8.6844,8.059,6.4112,.,7.2351,0.0519,0.0462,.,0.04905,,
273,89,35,26,H,3,Drought,11.7.12,11,7,12,Jun-16,2:2,70,44,11.1,Jun-16,2:0,2,.,56.8,47.9,.,52.35,12.3341,9.811,.,11.07255,21.1276,18.8123,.,19.96995,9.3359,8.3576,.,8.84675,7.0968,2.0472,.,4.572,0.1534,0.1163,.,0.13485,,
274,31,35,27,E,3,Drought,G.7.3,G,7,3,Jun-16,2:2,75,24,8.8,Jun-16,2:0,2,.,51.8,44.7,.,48.25,8.2025,10.0213,.,9.1119,14.3497,15.6882,.,15.01895,5.9834,6.434,.,6.2087,4.7105,4.9236,.,4.81705,0.0994,0.0861,.,0.09275,,
275,55,35,27,G,3,Drought,T3.8.9,T3,8,9,Jun-16,2:2,66.2,17,8.7,Jun-16,2:0,2,.,49.1,47.4,.,48.25,7.5292,10.0141,.,8.77165,14.6647,15.8708,.,15.26775,6.2542,6.626,.,6.4401,2.7998,2.4233,.,2.61155,0.0992,0.0679,.,0.08355,,
276,251,35,28,F,3,Drought,11.9.8,11,9,8,Jun-16,2:2,64.4,29,.,Jun-16,2:0,2,.,53,51.7,.,52.35,10.2199,10.5634,.,10.39165,16.3556,16.22,.,16.2878,6.9869,6.9348,.,6.96085,5.9299,2.3939,.,4.1619,0.1092,0.121,.,0.1151,,
277,283,35,28,H,3,Drought,B.7.8,B,7,8,Jun-16,2:2,51.5,34,6.3,Jun-16,2:0,2,.,47,31.6,.,39.3,18.5616,13.5549,.,16.05825,18.1528,16.3576,.,17.2552,6.4614,5.8232,.,6.1423,5.399,3.8598,.,4.6294,0.1506,0.1132,.,0.1319,,
278,83,35,29,E,3,Drought,T3.3.4,T3,3,4,Jun-16,2:2,46.5,40,8.2,Jun-16,2:0,2,.,49.4,41,.,45.2,9.4537,6.819,.,8.13635,17.4242,15.2888,.,16.3565,7.6476,6.8052,.,7.2264,6.274,4.3197,.,5.29685,0.083,0.0561,.,0.06955,,
279,91,35,29,G,3,Drought,D.10.18,D,10,18,Jun-16,2:2,46,21,10.4,Jun-16,2:0,2,.,54.8,50.9,.,52.85,13.1108,8.7151,.,10.91295,18.1894,15.9483,.,17.06885,7.8737,6.9691,.,7.4214,6.3432,2.1422,.,4.2427,0.1165,0.0777,.,0.0971,,
280,198,35,30,F,3,Drought,B.5.14,B,5,14,Jun-16,2:2,66.4,26,6.8,Jun-16,2:0,2,.,41.9,45.8,.,43.85,11.2389,15.3702,.,13.30455,15.2058,16.669,.,15.9374,6.0639,6.27,.,6.16695,5.0427,3.6947,.,4.3687,0.1844,0.1331,.,0.15875,,
281,26,35,30,H,3,Drought,D.6.16,D,6,16,Jun-16,2:2,52.3,48,12.4,Jun-16,2:0,2,.,54.3,48.3,.,51.3,9.105,7.411,.,8.258,21.2107,19.7179,.,20.4643,9.3384,8.9709,.,9.15465,7.1994,1.3558,.,4.2776,0.1141,0.0944,.,0.10425,,
282,588,36,31,A,4,Water,D.7.2,D,7,2,Jun-16,2:2,28,17,7.5,Jun-16,2:0,2,.,49.5,47,.,48.25,9.096,5.5649,.,7.33045,16.0058,13.3615,.,14.68365,6.5694,5.8369,.,6.20315,5.671,1.4496,.,3.5603,0.0776,0.0457,.,0.06165,,
283,495,36,31,C,4,Water,11.1.10,11,1,10,Jun-16,2:2,59,53,8.7,Jun-16,2:0,2,.,57.8,54.1,.,55.95,7.7891,7.2698,.,7.52945,17.0303,16.0119,.,16.5211,7.6082,7.1569,.,7.38255,6.2857,1.6832,.,3.98445,0.0737,0.0686,.,0.07115,,
284,587,36,32,B,4,Water,T3.9.17,T3,9,17,Jun-16,2:2,56,31,6,Jun-16,2:0,2,.,51.6,47,.,49.3,11.503,9.3664,.,10.4347,16.2169,14.0968,.,15.15685,6.1213,5.4377,.,5.7795,4.701,3.1604,.,3.9307,0.1044,0.0799,.,0.09215,,
285,594,36,32,D,4,Water,G.9.8,G,9,8,Jun-16,2:2,54.5,40,9.3,Jun-16,2:0,2,.,48.6,48.5,.,48.55,18.1093,16.1784,.,17.14385,21.6737,19.4185,.,20.5461,8.9395,8.0797,.,8.5096,5.9727,3.0269,.,4.4998,0.1493,0.1247,.,0.137,,
286,354,36,33,A,4,Water,11.6.8,11,6,8,Jun-16,2:2,54,20,10,Jun-16,2:0,2,.,50.8,49.8,.,50.3,12.8018,9.8601,.,11.33095,19.6927,18.8006,.,19.24665,8.6073,8.3165,.,8.4619,5.2467,2.3237,.,3.7852,0.1591,0.1229,.,0.141,,
287,352,36,33,C,4,Water,B.3.5,B,3,5,Jun-16,2:2,76,41,8.5,Jun-16,2:0,2,.,40.2,35.1,.,37.65,14.5982,9.3106,.,11.9544,18.385,15.0897,.,16.73735,7.491,6.0906,.,6.7908,6.1045,2.8034,.,4.45395,0.1461,0.0929,.,0.1195,,
288,332,36,34,B,4,Water,G.3.18,G,3,18,Jun-16,2:2,73,56,10.2,Jun-16,2:0,2,.,42.2,38.7,.,40.45,12.9273,8.8498,.,10.88855,19.7142,18.2733,.,18.99375,8.7331,7.9173,.,8.3252,7.2086,1.9244,.,4.5665,0.1471,0.0994,.,0.12325,,
289,593,36,34,D,4,Water,T3.7.15,T3,7,15,Jun-16,2:2,74,22,11.2,Jun-16,2:0,2,.,53,48.4,.,50.7,11.4614,8.9034,.,10.1824,20.3086,17.2721,.,18.79035,8.8039,7.514,.,8.15895,6.5912,2.1515,.,4.37135,0.095,0.0739,.,0.08445,,
290,492,36,35,A,4,Water,B.8.2,B,8,2,Jun-16,2:2,62.5,43,8.7,Jun-16,2:0,2,.,41.8,38.2,.,40,13.203,10.3546,.,11.7788,17.9724,15.3309,.,16.65165,7.49,6.4201,.,6.95505,3.0003,4.7757,.,3.888,0.1332,0.1034,.,0.1183,,
291,419,36,35,C,4,Water,G.10.4,G,10,4,Jun-16,2:2,70.5,20,11.2,Jun-16,2:0,2,.,53.2,46,.,49.6,18.4718,10.8154,.,14.6436,22.7185,18.1407,.,20.4296,9.4864,7.8534,.,8.6699,5.3568,2.3319,.,3.84435,0.18,0.1024,.,0.1412,,
292,566,36,36,B,4,Water,D.5.8,D,5,8,Jun-16,2:2,45,106,8.3,Jun-16,2:0,2,.,49.8,48.4,.,49.1,5.9984,4.468,.,5.2332,14.9291,12.2616,.,13.59535,6.6729,5.4835,.,6.0782,5.2043,1.4187,.,3.3115,0.0537,0.0382,.,0.04595,,
293,321,36,36,D,4,Water,11.7.5,11,7,5,Jun-16,2:2,72,66,12.8,Jun-16,2:0,2,.,49.6,49.1,.,49.35,11.3354,7.8601,.,9.59775,19.5892,17.4216,.,18.5054,8.6979,7.7181,.,8.208,7.4303,1.6381,.,4.5342,0.108,0.0748,.,0.0914,,
294,583,36,37,A,4,Water,G.7.6,G,7,6,Jun-16,2:2,58.5,35,10.8,Jun-16,2:0,2,.,52.8,52.2,.,52.5,14.8435,10.4154,.,12.62945,19.9249,18.3162,.,19.12055,8.3422,7.984,.,8.1631,7.1134,2.3269,.,4.72015,0.1629,0.1186,.,0.14075,,
295,447,36,37,C,4,Water,T3.8.8,T3,8,8,Jun-16,2:2,35.4,14,6.2,Jun-16,2:0,2,.,46,43.4,.,44.7,4.9673,6.0202,.,5.49375,13.1171,14.8031,.,13.9601,5.6626,6.4807,.,6.07165,1.2922,1.3453,.,1.31875,0.0556,0.0613,.,0.05845,,
296,392,36,38,B,4,Water,11.9.7,11,9,7,Jun-16,2:2,68.6,39,8.3,Jun-16,2:0,2,.,53.6,45,.,49.3,12.7428,11.1311,.,11.93695,17.8451,16.6642,.,17.25465,7.2857,6.9075,.,7.0966,2.9676,5.4173,.,4.19245,0.1129,0.1127,.,0.1128,,
297,466,36,38,D,4,Water,B.7.4,B,7,4,Jun-16,2:2,57.4,45,6,Jun-16,2:0,2,.,41.6,41.3,.,41.45,15.0109,10.3628,.,12.68685,15.9194,13.3832,.,14.6513,5.1741,4.3865,.,4.7803,4.448,3.6458,.,4.0469,0.1247,0.0853,.,0.105,,
298,523,36,39,A,4,Water,T3.3.5,T3,3,5,Jun-16,2:2,34.3,34,10.9,Jun-16,2:0,2,.,51.5,41.3,.,46.4,8.7995,5.2805,.,7.04,17.3514,14.8707,.,16.11105,7.7207,6.7575,.,7.2391,6.6085,5.8521,.,6.2303,0.0662,0.0405,.,0.05335,,
299,344,36,39,C,4,Water,D.10.14,D,10,14,Jun-16,2:2,51.6,30,9.7,Jun-16,2:0,2,.,48.5,45.4,.,46.95,10.5902,8.7409,.,9.66555,15.3206,14.5004,.,14.9105,6.3253,6.1545,.,6.2399,5.0241,2.3384,.,3.68125,0.0796,0.066,.,0.0728,,
300,462,36,40,B,4,Water,B.5.2,B,5,2,Jun-16,2:2,31.5,11,7,Jun-16,2:0,2,.,55.2,47,.,51.1,4.0742,6.7694,.,5.4218,9.0189,11.2249,.,10.1219,3.3773,4.0409,.,3.7091,2.0196,3.2062,.,2.6129,0.0953,0.0508,.,0.07305,,
301,488,36,40,D,4,Water,D.6.1,D,6,1,Jun-16,2:2,46.5,35,8,Jun-16,2:0,2,.,55.1,51.5,.,53.3,9.0487,8.0123,.,8.5305,16.501,15.1593,.,15.83015,7.2875,6.6822,.,6.98485,5.8781,1.9732,.,3.92565,0.0773,0.0737,.,0.0755,,
302,514,36,31,E,4,Drought,D.7.1,D,7,1,Jun-16,2:2,41.3,34,6.8,Jun-16,2:0,2,.,42.6,42.2,.,42.4,8.7759,8.7489,.,8.7624,13.4977,13.2925,.,13.3951,5.4992,5.3774,.,5.4383,3.9816,4.0918,.,4.0367,0.0636,0.0667,.,0.06515,,
303,604,36,31,G,4,Drought,11.1.16,11,1,16,Jun-16,2:2,47,52,7.4,Jun-16,2:0,2,.,53.6,43,.,48.3,10.9242,8.7826,.,9.8534,18.6968,16.6275,.,17.66215,8.1254,7.3265,.,7.72595,6.6528,5.5579,.,6.10535,0.1285,0.1023,.,0.1154,,
304,506,36,32,F,4,Drought,T3.9.7,T3,9,7,Jun-16,2:2,66.1,39,9.8,Jun-16,2:0,2,.,54.9,50.5,.,52.7,11.2337,8.2814,.,9.75755,17.1286,14.7661,.,15.94735,7.2879,6.3626,.,6.82525,5.7142,3.9442,.,4.8292,0.1129,0.0771,.,0.095,,
305,339,36,32,H,4,Drought,G.9.13,G,9,13,Jun-16,2:2,47,37,11.5,Jun-16,2:0,2,.,44.1,35.4,.,39.75,19.382,9.3988,.,14.3904,21.5576,15.838,.,18.6978,8.7644,6.7598,.,7.7621,6.8598,2.3879,.,4.62385,0.235,0.1048,.,0.1699,,
306,535,36,33,E,4,Drought,11.6.15,11,6,15,Jun-16,2:2,66,34,8.4,Jun-16,2:0,2,.,45.7,44.7,.,45.2,15.4275,9.6662,.,12.54685,18.9927,16.8087,.,17.9007,7.612,7.0095,.,7.31075,4.48,4.407,.,4.4435,0.1504,0.1061,.,0.12825,,
307,595,36,33,G,4,Drought,B.3.7,B,3,7,Jun-16,2:2,60,28,9.6,Jun-16,2:0,2,.,48.8,46.1,.,47.45,14.1496,10.9567,.,12.55315,19.546,17.6547,.,18.60035,8.4725,7.6704,.,8.07145,6.8486,2.4368,.,4.6427,0.1494,0.1166,.,0.133,,
308,442,36,34,F,4,Drought,G.3.8,G,3,8,Jun-16,2:2,66,31,10.1,Jun-16,2:0,2,.,46.5,38.5,.,42.5,12.7259,5.6051,.,9.1655,18.5744,11.2796,.,14.927,7.7841,4.7094,.,6.24675,6.0997,1.9568,.,4.02825,0.1479,0.0527,.,0.1003,,
309,515,36,34,H,4,Drought,T3.7.13,T3,7,13,Jun-16,2:2,51.3,26,8.3,Jun-16,2:0,2,.,50.8,45.2,.,48,8.2906,5.4858,.,6.8882,16.4361,12.8722,.,14.65415,6.9838,5.7299,.,6.35685,6.2913,1.5278,.,3.90955,0.0794,0.0528,.,0.0661,,
310,306,36,35,E,4,Drought,B.8.13,B,8,13,Jun-16,2:2,58.3,23,10,Jun-16,2:0,2,.,46,39.2,.,42.6,11.6258,6.9068,.,9.2663,16.9709,13.9956,.,15.48325,7.0273,5.9961,.,6.5117,5.5911,1.967,.,3.77905,0.1049,0.0524,.,0.07865,,
311,531,36,35,G,4,Drought,G.10.10,G,10,10,Jun-16,2:2,54.5,27,7.4,Jun-16,2:0,2,.,56,52.4,.,54.2,13.425,9.301,.,11.363,18.7264,15.2936,.,17.01,7.8292,6.2434,.,7.0363,6.1151,2.6301,.,4.3726,0.158,0.1008,.,0.1294,,
312,341,36,36,F,4,Drought,D.5.6,D,5,6,Jun-16,2:2,30,36,6,Jun-16,2:0,.,.,.,.,.,.,.,.,.,.,.,.,.,.,.,.,.,.,.,.,.,.,.,.,.,.,,no D.5.6
313,502,36,36,H,4,Drought,11.7.4,11,7,4,Jun-16,2:2,57.4,61,10.6,Jun-16,2:0,2,.,59,53.1,.,56.05,8.4493,5.8327,.,7.141,18.7891,14.988,.,16.88855,8.3313,6.8993,.,7.6153,7.2464,4.9481,.,6.09725,0.109,0.0744,.,0.0917,,
314,484,36,37,E,4,Drought,G.7.8,G,7,8,Jun-16,2:2,67.3,42,9,Jun-16,2:0,2,.,48,39.6,.,43.8,14.0566,10.9136,.,12.4851,20.7928,17.7675,.,19.28015,9.1826,7.6939,.,8.43825,7.2896,6.2597,.,6.77465,0.1433,0.1113,.,0.1273,,
315,318,36,37,G,4,Drought,T3.8.15,T3,8,15,Jun-16,2:2,66.5,25,11.8,Jun-16,2:0,2,.,51.8,49.3,.,50.55,10.8052,12.6542,.,11.7297,17.0081,19.0994,.,18.05375,7.3197,8.2691,.,7.7944,5.2045,4.0311,.,4.6178,0.1484,0.1329,.,0.14065,,
316,337,36,38,F,4,Drought,11.9.1,11,9,1,Jun-16,2:2,61.5,25,9.7,Jun-16,2:0,2,.,55.5,52.9,.,54.2,11.6856,6.7749,.,9.23025,16.7279,12.2777,.,14.5028,6.8832,4.7865,.,5.83485,4.4652,2.2088,.,3.337,0.1258,0.0712,.,0.0985,,
317,331,36,38,H,4,Drought,B.7.10,B,7,10,Jun-16,2:2,51,28,7.2,Jun-16,2:0,2,.,50,46,.,48,8.6479,5.949,.,7.29845,12.5815,10.5867,.,11.5841,4.7965,4.1863,.,4.4914,3.928,2.233,.,3.0805,0.1057,0.0704,.,0.08805,,
318,547,36,39,E,4,Drought,T3.3.9,T3,3,9,Jun-16,2:2,49.3,41,11.2,Jun-16,2:0,2,.,47.7,38.5,.,43.1,11.2186,7.3596,.,9.2891,19.9193,16.0182,.,17.96875,8.7436,7.1228,.,7.9332,6.7338,1.7392,.,4.2365,0.1088,0.0733,.,0.09105,,
319,472,36,39,G,4,Drought,D.10.15,D,10,15,Jun-16,2:2,49,14,12.3,Jun-16,2:0,2,.,53.8,48.9,.,51.35,14.7396,9.3748,.,12.0572,20.9977,15.34,.,18.16885,9.1287,6.6516,.,7.89015,7.839,4.5518,.,6.1954,0.1882,0.1098,.,0.149,,
320,511,36,40,F,4,Drought,B.5.15,B,5,15,Jun-16,2:2,64.2,32,7,Jun-16,2:0,2,.,53.5,47.7,.,50.6,9.3202,7.7934,.,8.5568,13.6329,12.3286,.,12.98075,5.1041,4.7281,.,4.9161,3.9867,3.4597,.,3.7232,0.1177,0.0896,.,0.10365,,
321,328,36,40,H,4,Drought,D.6.7,D,6,7,Jun-16,2:2,11.3,23,4.6,Jun-16,2:0,2,.,30.3,31.5,.,30.9,1.4441 ,1.2782 ,.,.,8.4792,7.2893,.,7.88425,3.6454,3.2738,.,3.4596,2.7071,2.1644,.,2.43575,0.0163,0.0167,.,0.0165,,"measurement re-calculated, previous was not correct"
